<GeoServerTileLayer>
  <id>LayerInfoImpl--3f723ce7:1897699f8cf:-6085</id>
  <enabled>true</enabled>
  <inMemoryCached>true</inMemoryCached>
  <name>inre_ic:clusters</name>
  <mimeFormats>
    <string>image/png</string>
    <string>image/jpeg</string>
  </mimeFormats>
  <gridSubsets>
    <gridSubset>
      <gridSetName>EPSG:4326</gridSetName>
      <extent>
        <coords>
          <double>-118.88542938232422</double>
          <double>-36.5374641418457</double>
          <double>-39.806121826171875</double>
          <double>10.11668586730957</double>
        </coords>
      </extent>
    </gridSubset>
    <gridSubset>
      <gridSetName>EPSG:900913</gridSetName>
      <extent>
        <coords>
          <double>-1.3234265461580016E7</double>
          <double>-4374829.865802364</double>
          <double>-4431197.212144466</double>
          <double>1132082.1467076296</double>
        </coords>
      </extent>
    </gridSubset>
  </gridSubsets>
  <metaWidthHeight>
    <int>4</int>
    <int>4</int>
  </metaWidthHeight>
  <expireCache>0</expireCache>
  <expireClients>0</expireClients>
  <parameterFilters>
    <styleParameterFilter>
      <key>STYLES</key>
      <defaultValue></defaultValue>
      <availableStyles class="sorted-set">
        <string>inre_ic:clusters</string>
      </availableStyles>
      <defaultStyle>inre_ic:clusters</defaultStyle>
    </styleParameterFilter>
  </parameterFilters>
  <gutter>0</gutter>
  <cacheWarningSkips/>
</GeoServerTileLayer>