<GeoServerTileLayer>
  <id>LayerInfoImpl--3c4f6c8c:18b2521df64:-1dda</id>
  <enabled>true</enabled>
  <inMemoryCached>true</inMemoryCached>
  <name>inre_ic:mercados_chicos</name>
  <mimeFormats>
    <string>image/jpeg</string>
    <string>image/png</string>
  </mimeFormats>
  <gridSubsets>
    <gridSubset>
      <gridSetName>EPSG:4326</gridSetName>
      <extent>
        <coords>
          <double>-81.3046875</double>
          <double>-19.937419891357422</double>
          <double>-69.0401611328125</double>
          <double>-2.447283983230591</double>
        </coords>
      </extent>
    </gridSubset>
    <gridSubset>
      <gridSetName>EPSG:900913</gridSetName>
      <extent>
        <coords>
          <double>-9050796.411606235</double>
          <double>-2265618.925743141</double>
          <double>-7685515.581590245</double>
          <double>-272513.28229797684</double>
        </coords>
      </extent>
    </gridSubset>
  </gridSubsets>
  <metaWidthHeight>
    <int>4</int>
    <int>4</int>
  </metaWidthHeight>
  <expireCache>0</expireCache>
  <expireClients>0</expireClients>
  <parameterFilters>
    <styleParameterFilter>
      <key>STYLES</key>
      <defaultValue></defaultValue>
      <availableStyles class="sorted-set">
        <string>inre_ic:bodegas</string>
        <string>inre_ic:distribuidoras</string>
      </availableStyles>
      <defaultStyle>inre_ic:bodegas</defaultStyle>
    </styleParameterFilter>
  </parameterFilters>
  <gutter>0</gutter>
  <cacheWarningSkips/>
</GeoServerTileLayer>