<GeoServerTileLayer>
  <id>LayerInfoImpl--4adc7d2e:18c1653fdf1:-251a</id>
  <enabled>true</enabled>
  <inMemoryCached>true</inMemoryCached>
  <name>inre_ic:grilla_trujillo_5km2</name>
  <mimeFormats>
    <string>image/png</string>
    <string>image/jpeg</string>
  </mimeFormats>
  <gridSubsets>
    <gridSubset>
      <gridSetName>EPSG:900913</gridSetName>
      <extent>
        <coords>
          <double>-8808182.707801137</double>
          <double>-911291.8219427675</double>
          <double>-8789943.078332512</double>
          <double>-892930.7164076514</double>
        </coords>
      </extent>
    </gridSubset>
    <gridSubset>
      <gridSetName>EPSG:4326</gridSetName>
      <extent>
        <coords>
          <double>-79.12525151735034</double>
          <double>-8.158562648946846</double>
          <double>-78.9614021380669</double>
          <double>-7.9952582408147705</double>
        </coords>
      </extent>
    </gridSubset>
  </gridSubsets>
  <metaWidthHeight>
    <int>4</int>
    <int>4</int>
  </metaWidthHeight>
  <expireCache>0</expireCache>
  <expireClients>0</expireClients>
  <parameterFilters>
    <styleParameterFilter>
      <key>STYLES</key>
      <defaultValue></defaultValue>
      <availableStyles class="sorted-set">
        <string>inre_ic:grillas_guru_trujillo_3km2</string>
      </availableStyles>
      <defaultStyle>inre_ic:grillas_guru_trujillo_5km2</defaultStyle>
    </styleParameterFilter>
  </parameterFilters>
  <gutter>0</gutter>
  <cacheWarningSkips/>
</GeoServerTileLayer>