<GeoServerTileLayer>
  <id>LayerInfoImpl--3f723ce7:1897699f8cf:-7ff2</id>
  <enabled>true</enabled>
  <inMemoryCached>true</inMemoryCached>
  <name>inre_ic:vias_lima</name>
  <mimeFormats>
    <string>image/jpeg</string>
    <string>image/png</string>
  </mimeFormats>
  <gridSubsets>
    <gridSubset>
      <gridSetName>EPSG:900913</gridSetName>
      <extent>
        <coords>
          <double>-8593716.159094743</double>
          <double>-1400507.2296927895</double>
          <double>-8529823.13888911</double>
          <double>-1311484.5991876624</double>
        </coords>
      </extent>
    </gridSubset>
    <gridSubset>
      <gridSetName>EPSG:4326</gridSetName>
      <extent>
        <coords>
          <double>-77.19866573099716</double>
          <double>-12.481073529091873</double>
          <double>-76.62470496500438</double>
          <double>-11.69911411949989</double>
        </coords>
      </extent>
    </gridSubset>
  </gridSubsets>
  <metaWidthHeight>
    <int>4</int>
    <int>4</int>
  </metaWidthHeight>
  <expireCache>0</expireCache>
  <expireClients>0</expireClients>
  <parameterFilters>
    <styleParameterFilter>
      <key>STYLES</key>
      <defaultValue></defaultValue>
      <availableStyles class="sorted-set"/>
      <defaultStyle>inre_ic:vias_lima</defaultStyle>
    </styleParameterFilter>
  </parameterFilters>
  <gutter>0</gutter>
  <cacheWarningSkips/>
</GeoServerTileLayer>