<GeoServerTileLayer>
  <id>LayerInfoImpl--3c4f6c8c:18b16e8956c:-7b8d</id>
  <enabled>true</enabled>
  <inMemoryCached>true</inMemoryCached>
  <name>inre_ic:densidad_mz</name>
  <mimeFormats>
    <string>image/png</string>
    <string>image/jpeg</string>
  </mimeFormats>
  <gridSubsets>
    <gridSubset>
      <gridSetName>EPSG:900913</gridSetName>
      <extent>
        <coords>
          <double>-8593383.645542711</double>
          <double>-1402547.6421389417</double>
          <double>-8534794.663362125</double>
          <double>-1314705.7354513705</double>
        </coords>
      </extent>
    </gridSubset>
    <gridSubset>
      <gridSetName>EPSG:4326</gridSetName>
      <extent>
        <coords>
          <double>-77.1956787109375</double>
          <double>-12.498969078063965</double>
          <double>-76.66936492919922</double>
          <double>-11.727447509765625</double>
        </coords>
      </extent>
    </gridSubset>
  </gridSubsets>
  <metaWidthHeight>
    <int>4</int>
    <int>4</int>
  </metaWidthHeight>
  <expireCache>0</expireCache>
  <expireClients>0</expireClients>
  <parameterFilters>
    <styleParameterFilter>
      <key>STYLES</key>
      <defaultValue></defaultValue>
      <availableStyles class="sorted-set"/>
      <defaultStyle>inre_ic:densidad_mz</defaultStyle>
    </styleParameterFilter>
  </parameterFilters>
  <gutter>0</gutter>
  <cacheWarningSkips/>
</GeoServerTileLayer>