<GeoServerTileLayer>
  <id>LayerInfoImpl--3c4f6c8c:18b01189564:5f0a</id>
  <enabled>true</enabled>
  <inMemoryCached>true</inMemoryCached>
  <name>inre_ic:distribuidoras</name>
  <mimeFormats>
    <string>image/png</string>
    <string>image/jpeg</string>
  </mimeFormats>
  <gridSubsets>
    <gridSubset>
      <gridSetName>EPSG:4326</gridSetName>
      <extent>
        <coords>
          <double>-77.12501525878906</double>
          <double>-12.229631423950195</double>
          <double>-76.90933227539062</double>
          <double>-11.868038177490234</double>
        </coords>
      </extent>
    </gridSubset>
    <gridSubset>
      <gridSetName>EPSG:900913</gridSetName>
      <extent>
        <coords>
          <double>-8585517.426031852</double>
          <double>-1371853.149806615</double>
          <double>-8561507.706147164</double>
          <double>-1330693.9655217496</double>
        </coords>
      </extent>
    </gridSubset>
  </gridSubsets>
  <metaWidthHeight>
    <int>4</int>
    <int>4</int>
  </metaWidthHeight>
  <expireCache>0</expireCache>
  <expireClients>0</expireClients>
  <parameterFilters>
    <styleParameterFilter>
      <key>STYLES</key>
      <defaultValue></defaultValue>
      <availableStyles class="sorted-set"/>
      <defaultStyle>inre_ic:distribuidoras</defaultStyle>
    </styleParameterFilter>
  </parameterFilters>
  <gutter>0</gutter>
  <cacheWarningSkips/>
</GeoServerTileLayer>