<GeoServerTileLayer>
  <id>LayerInfoImpl--647e4c22:18b7360739a:-25f3</id>
  <enabled>true</enabled>
  <inMemoryCached>true</inMemoryCached>
  <name>inre_ic:mg_piura</name>
  <mimeFormats>
    <string>image/png</string>
    <string>image/jpeg</string>
  </mimeFormats>
  <gridSubsets>
    <gridSubset>
      <gridSetName>EPSG:4326</gridSetName>
      <extent>
        <coords>
          <double>-180.0</double>
          <double>-90.0</double>
          <double>180.0</double>
          <double>90.0</double>
        </coords>
      </extent>
    </gridSubset>
    <gridSubset>
      <gridSetName>EPSG:900913</gridSetName>
      <extent>
        <coords>
          <double>-2.003750834E7</double>
          <double>-2.003750834E7</double>
          <double>2.003750834E7</double>
          <double>2.003750834E7</double>
        </coords>
      </extent>
    </gridSubset>
  </gridSubsets>
  <metaWidthHeight>
    <int>4</int>
    <int>4</int>
  </metaWidthHeight>
  <expireCache>0</expireCache>
  <expireClients>0</expireClients>
  <parameterFilters>
    <styleParameterFilter>
      <key>STYLES</key>
      <defaultValue></defaultValue>
      <availableStyles class="sorted-set"/>
      <defaultStyle>inre_ic:mg_piura</defaultStyle>
    </styleParameterFilter>
  </parameterFilters>
  <gutter>0</gutter>
  <cacheWarningSkips/>
</GeoServerTileLayer>