<GeoServerTileLayer>
  <id>LayerInfoImpl--7e41e18e:18cd04a3000:31fd</id>
  <enabled>true</enabled>
  <inMemoryCached>true</inMemoryCached>
  <name>inre_ic:manzanas_peru_copia_2</name>
  <mimeFormats>
    <string>image/png</string>
    <string>image/jpeg</string>
  </mimeFormats>
  <gridSubsets>
    <gridSubset>
      <gridSetName>EPSG:4326</gridSetName>
      <extent>
        <coords>
          <double>-81.28974151611328</double>
          <double>-18.097198486328125</double>
          <double>-69.14041137695312</double>
          <double>-3.476059198379517</double>
        </coords>
      </extent>
    </gridSubset>
    <gridSubset>
      <gridSetName>EPSG:900913</gridSetName>
      <extent>
        <coords>
          <double>-9049132.63229056</double>
          <double>-2048928.5985636634</double>
          <double>-7696675.387719881</double>
          <double>-387190.7342526009</double>
        </coords>
      </extent>
    </gridSubset>
  </gridSubsets>
  <metaWidthHeight>
    <int>4</int>
    <int>4</int>
  </metaWidthHeight>
  <expireCache>0</expireCache>
  <expireClients>0</expireClients>
  <parameterFilters>
    <styleParameterFilter>
      <key>STYLES</key>
      <defaultValue></defaultValue>
      <availableStyles class="sorted-set"/>
      <defaultStyle>inre_ic:manzanas_peru</defaultStyle>
    </styleParameterFilter>
  </parameterFilters>
  <gutter>0</gutter>
  <cacheWarningSkips/>
</GeoServerTileLayer>