<GeoServerTileLayer>
  <id>LayerInfoImpl--7e41e18e:18c89165b09:2647</id>
  <enabled>true</enabled>
  <inMemoryCached>true</inMemoryCached>
  <name>inre_ic:manzanas_ecuador</name>
  <mimeFormats>
    <string>image/png</string>
    <string>image/jpeg</string>
  </mimeFormats>
  <gridSubsets>
    <gridSubset>
      <gridSetName>EPSG:4326</gridSetName>
      <extent>
        <coords>
          <double>-97.76341742015654</double>
          <double>-80.01343130977126</double>
          <double>-64.23658257984346</double>
          <double>0.0</double>
        </coords>
      </extent>
    </gridSubset>
    <gridSubset>
      <gridSetName>EPSG:900913</gridSetName>
      <extent>
        <coords>
          <double>-1.0882973845422076E7</double>
          <double>-1.5547327146105686E7</double>
          <double>-7150783.663088242</double>
          <double>-7.081154551613622E-10</double>
        </coords>
      </extent>
    </gridSubset>
  </gridSubsets>
  <metaWidthHeight>
    <int>4</int>
    <int>4</int>
  </metaWidthHeight>
  <expireCache>0</expireCache>
  <expireClients>0</expireClients>
  <parameterFilters>
    <styleParameterFilter>
      <key>STYLES</key>
      <defaultValue></defaultValue>
      <availableStyles class="sorted-set">
        <string>inre_ic:manzanas_ecuador</string>
      </availableStyles>
      <defaultStyle>inre_ic:manzanas_ecuador</defaultStyle>
    </styleParameterFilter>
  </parameterFilters>
  <gutter>0</gutter>
  <cacheWarningSkips/>
</GeoServerTileLayer>