<GeoServerTileLayer>
  <id>LayerInfoImpl--647e4c22:18baffcf559:-12ce</id>
  <enabled>true</enabled>
  <inMemoryCached>true</inMemoryCached>
  <name>inre_ic:grillas_almacenes_guru_5km2</name>
  <mimeFormats>
    <string>image/png</string>
    <string>image/jpeg</string>
  </mimeFormats>
  <gridSubsets>
    <gridSubset>
      <gridSetName>EPSG:900913</gridSetName>
      <extent>
        <coords>
          <double>-8594099.125160517</double>
          <double>-1404466.5555662492</double>
          <double>-8534022.158182682</double>
          <double>-1314300.9729208092</double>
        </coords>
      </extent>
    </gridSubset>
    <gridSubset>
      <gridSetName>EPSG:4326</gridSetName>
      <extent>
        <coords>
          <double>-77.202105973699</double>
          <double>-12.51579788278628</double>
          <double>-76.66242539710167</double>
          <double>-11.723887343531091</double>
        </coords>
      </extent>
    </gridSubset>
  </gridSubsets>
  <metaWidthHeight>
    <int>4</int>
    <int>4</int>
  </metaWidthHeight>
  <expireCache>0</expireCache>
  <expireClients>0</expireClients>
  <parameterFilters>
    <styleParameterFilter>
      <key>STYLES</key>
      <defaultValue></defaultValue>
      <availableStyles class="sorted-set">
        <string>inre_ic:grillas_guru_bajo_5km2</string>
        <string>inre_ic:grillas_guru_medioalto_5km2</string>
        <string>inre_ic:grillas_guru_mediobajo_5km2</string>
      </availableStyles>
      <defaultStyle>inre_ic:grillas_guru_alto_5km2</defaultStyle>
    </styleParameterFilter>
  </parameterFilters>
  <gutter>0</gutter>
  <cacheWarningSkips/>
</GeoServerTileLayer>