<GeoServerTileLayer>
  <id>LayerInfoImpl--3c4f6c8c:18b16e8956c:-43d7</id>
  <enabled>true</enabled>
  <inMemoryCached>true</inMemoryCached>
  <name>inre_ic:grillas_ferreterias</name>
  <mimeFormats>
    <string>image/png</string>
    <string>image/jpeg</string>
  </mimeFormats>
  <gridSubsets>
    <gridSubset>
      <gridSetName>EPSG:4326</gridSetName>
      <extent>
        <coords>
          <double>-77.20156450473904</double>
          <double>-12.499775085745608</double>
          <double>-76.66325365337501</double>
          <double>-11.71878460892583</double>
        </coords>
      </extent>
    </gridSubset>
    <gridSubset>
      <gridSetName>EPSG:900913</gridSetName>
      <extent>
        <coords>
          <double>-8594038.849111613</double>
          <double>-1402639.544744354</double>
          <double>-8534114.359249277</double>
          <double>-1313720.8417599737</double>
        </coords>
      </extent>
    </gridSubset>
  </gridSubsets>
  <metaWidthHeight>
    <int>4</int>
    <int>4</int>
  </metaWidthHeight>
  <expireCache>0</expireCache>
  <expireClients>0</expireClients>
  <parameterFilters>
    <styleParameterFilter>
      <key>STYLES</key>
      <defaultValue></defaultValue>
      <availableStyles class="sorted-set">
        <string>inre_ic:grillas_ferreteria_A</string>
        <string>inre_ic:grillas_ferreteria_B</string>
        <string>inre_ic:grillas_ferreteria_C</string>
      </availableStyles>
      <defaultStyle>inre_ic:grillas_ferreteria_D</defaultStyle>
    </styleParameterFilter>
  </parameterFilters>
  <gutter>0</gutter>
  <cacheWarningSkips/>
</GeoServerTileLayer>