<GeoServerTileLayer>
  <id>LayerInfoImpl--647e4c22:18baffcf559:-12d0</id>
  <enabled>true</enabled>
  <inMemoryCached>true</inMemoryCached>
  <name>inre_ic:grillas_almacenes_guru_3km2</name>
  <mimeFormats>
    <string>image/png</string>
    <string>image/jpeg</string>
  </mimeFormats>
  <gridSubsets>
    <gridSubset>
      <gridSetName>EPSG:4326</gridSetName>
      <extent>
        <coords>
          <double>-77.20205963097276</double>
          <double>-12.510371937418359</double>
          <double>-76.65552743552949</double>
          <double>-11.723887343531091</double>
        </coords>
      </extent>
    </gridSubset>
    <gridSubset>
      <gridSetName>EPSG:900913</gridSetName>
      <extent>
        <coords>
          <double>-8594093.96631183</double>
          <double>-1403847.8455956543</double>
          <double>-8533254.280612955</double>
          <double>-1314300.9729208092</double>
        </coords>
      </extent>
    </gridSubset>
  </gridSubsets>
  <metaWidthHeight>
    <int>4</int>
    <int>4</int>
  </metaWidthHeight>
  <expireCache>0</expireCache>
  <expireClients>0</expireClients>
  <parameterFilters>
    <styleParameterFilter>
      <key>STYLES</key>
      <defaultValue></defaultValue>
      <availableStyles class="sorted-set">
        <string>inre_ic:grillas_guru_alto_3km2</string>
        <string>inre_ic:grillas_guru_bajo_3km2</string>
        <string>inre_ic:grillas_guru_medioalto_3km2</string>
        <string>inre_ic:grillas_guru_mediobajo_3km2</string>
      </availableStyles>
      <defaultStyle>inre_ic:grillas_guru_medioalto_3km2</defaultStyle>
    </styleParameterFilter>
  </parameterFilters>
  <gutter>0</gutter>
  <cacheWarningSkips/>
</GeoServerTileLayer>