<layer>
  <name>clientes_vea_2023_pucallpa___pvo</name>
  <id>LayerInfoImpl--1b092d2f:18f833b0d71:-5e6a</id>
  <type>VECTOR</type>
  <defaultStyle>
    <id>StyleInfoImpl-36475f01:18f2a9daeb3:6018</id>
  </defaultStyle>
  <resource class="featureType">
    <id>FeatureTypeInfoImpl--1b092d2f:18f833b0d71:-5e6b</id>
  </resource>
  <attribution>
    <logoWidth>0</logoWidth>
    <logoHeight>0</logoHeight>
  </attribution>
  <dateCreated>2024-05-17 21:39:15.265 UTC</dateCreated>
  <dateModified>2024-05-17 22:44:20.111 UTC</dateModified>
</layer>