<layer>
  <name>ta_pv</name>
  <id>LayerInfoImpl--3f723ce7:1897699f8cf:-5e41</id>
  <type>VECTOR</type>
  <defaultStyle>
    <id>StyleInfoImpl--3f723ce7:1897699f8cf:-603a</id>
  </defaultStyle>
  <resource class="featureType">
    <id>FeatureTypeInfoImpl--3f723ce7:1897699f8cf:-5e42</id>
  </resource>
  <attribution>
    <logoWidth>0</logoWidth>
    <logoHeight>0</logoHeight>
  </attribution>
  <dateCreated>2023-08-09 15:22:38.892 UTC</dateCreated>
  <dateModified>2023-08-09 21:27:26.72 UTC</dateModified>
</layer>