<layer>
  <name>grilla_trujillo_3km2</name>
  <id>LayerInfoImpl--4adc7d2e:18c1653fdf1:-251c</id>
  <type>VECTOR</type>
  <defaultStyle>
    <id>StyleInfoImpl--4adc7d2e:18c1653fdf1:-2519</id>
  </defaultStyle>
  <styles class="linked-hash-set">
    <style>
      <id>StyleInfoImpl--4adc7d2e:18c1653fdf1:-2519</id>
    </style>
  </styles>
  <resource class="featureType">
    <id>FeatureTypeInfoImpl--4adc7d2e:18c1653fdf1:-251d</id>
  </resource>
  <attribution>
    <logoWidth>0</logoWidth>
    <logoHeight>0</logoHeight>
  </attribution>
  <dateCreated>2023-11-29 14:50:58.203 UTC</dateCreated>
  <dateModified>2023-11-29 14:52:53.63 UTC</dateModified>
</layer>