<layer>
  <name>near_cel_pc</name>
  <id>LayerInfoImpl-36475f01:18f7cc674e6:-6d33</id>
  <type>VECTOR</type>
  <defaultStyle>
    <id>StyleInfoImpl--3c4f6c8c:18aba341dd5:676a</id>
  </defaultStyle>
  <resource class="featureType">
    <id>FeatureTypeInfoImpl-36475f01:18f7cc674e6:-6d34</id>
  </resource>
  <attribution>
    <logoWidth>0</logoWidth>
    <logoHeight>0</logoHeight>
  </attribution>
  <dateCreated>2024-05-15 22:58:28.219 UTC</dateCreated>
  <dateModified>2024-05-15 23:10:11.756 UTC</dateModified>
</layer>