<layer>
  <name>Tiendas_Promart</name>
  <id>LayerInfoImpl--3c4f6c8c:18b2521df64:-1de5</id>
  <type>VECTOR</type>
  <defaultStyle>
    <id>StyleInfoImpl--3f723ce7:1897699f8cf:-5e8f</id>
  </defaultStyle>
  <styles class="linked-hash-set">
    <style>
      <id>StyleInfoImpl--3f723ce7:1897699f8cf:-5e8f</id>
    </style>
  </styles>
  <resource class="featureType">
    <id>FeatureTypeInfoImpl--3c4f6c8c:18b2521df64:-1de6</id>
  </resource>
  <attribution>
    <logoWidth>0</logoWidth>
    <logoHeight>0</logoHeight>
  </attribution>
  <dateCreated>2023-10-12 20:34:15.513 UTC</dateCreated>
  <dateModified>2023-10-12 20:38:27.106 UTC</dateModified>
</layer>