<layer>
  <name>isocronas_rp</name>
  <id>LayerInfoImpl--7c6dc86e:18fd6c224fc:-30aa</id>
  <type>VECTOR</type>
  <defaultStyle>
    <id>StyleInfoImpl--7c6dc86e:18fd6c224fc:-30a8</id>
  </defaultStyle>
  <resource class="featureType">
    <id>FeatureTypeInfoImpl--7c6dc86e:18fd6c224fc:-30ab</id>
  </resource>
  <attribution>
    <logoWidth>0</logoWidth>
    <logoHeight>0</logoHeight>
  </attribution>
  <dateCreated>2024-06-10 15:06:20.515 UTC</dateCreated>
  <dateModified>2024-06-10 15:07:37.5 UTC</dateModified>
</layer>