<layer>
  <name>ta_homecenter</name>
  <id>LayerInfoImpl--3f723ce7:1897699f8cf:-5d0e</id>
  <type>VECTOR</type>
  <defaultStyle>
    <id>StyleInfoImpl--3f723ce7:1897699f8cf:-5e7c</id>
  </defaultStyle>
  <resource class="featureType">
    <id>FeatureTypeInfoImpl--3f723ce7:1897699f8cf:-5d0f</id>
  </resource>
  <attribution>
    <logoWidth>0</logoWidth>
    <logoHeight>0</logoHeight>
  </attribution>
  <dateCreated>2023-08-11 18:10:53.821 UTC</dateCreated>
  <dateModified>2023-08-16 21:55:22.453 UTC</dateModified>
</layer>