<layer>
  <name>clientes_vea_2023</name>
  <id>LayerInfoImpl-36475f01:18f2a9daeb3:601a</id>
  <type>VECTOR</type>
  <defaultStyle>
    <id>StyleInfoImpl-36475f01:18f2a9daeb3:6018</id>
  </defaultStyle>
  <resource class="featureType">
    <id>FeatureTypeInfoImpl-36475f01:18f2a9daeb3:6019</id>
  </resource>
  <attribution>
    <logoWidth>0</logoWidth>
    <logoHeight>0</logoHeight>
  </attribution>
  <dateCreated>2024-04-30 16:05:43.695 UTC</dateCreated>
  <dateModified>2024-04-30 20:37:56.92 UTC</dateModified>
</layer>