<layer>
  <name>bodegas2</name>
  <id>LayerInfoImpl--23b4a38d:18da96cc2fe:-cb1</id>
  <type>VECTOR</type>
  <defaultStyle>
    <id>StyleInfoImpl-7d28849e:18d89a5cac6:-2cdd</id>
  </defaultStyle>
  <resource class="featureType">
    <id>FeatureTypeInfoImpl--23b4a38d:18da96cc2fe:-cb2</id>
  </resource>
  <attribution>
    <logoWidth>0</logoWidth>
    <logoHeight>0</logoHeight>
  </attribution>
  <dateCreated>2024-02-16 01:07:15.150 UTC</dateCreated>
  <dateModified>2024-02-17 16:48:53.151 UTC</dateModified>
</layer>