<layer>
  <name>locales_aprobados</name>
  <id>LayerInfoImpl-7d28849e:18d89a5cac6:7d08</id>
  <type>VECTOR</type>
  <defaultStyle>
    <id>StyleInfoImpl-7d28849e:18d89a5cac6:7d09</id>
  </defaultStyle>
  <resource class="featureType">
    <id>FeatureTypeInfoImpl-7d28849e:18d89a5cac6:7d07</id>
  </resource>
  <attribution>
    <logoWidth>0</logoWidth>
    <logoHeight>0</logoHeight>
  </attribution>
  <dateCreated>2024-02-13 21:40:10.855 UTC</dateCreated>
  <dateModified>2024-02-13 21:42:37.570 UTC</dateModified>
</layer>