<layer>
  <name>ta_promart_analisis_web</name>
  <id>LayerInfoImpl-36475f01:18e194dd5a1:13db</id>
  <type>VECTOR</type>
  <defaultStyle>
    <id>StyleInfoImpl-36475f01:18e194dd5a1:13de</id>
  </defaultStyle>
  <resource class="featureType">
    <id>FeatureTypeInfoImpl-36475f01:18e194dd5a1:13da</id>
  </resource>
  <attribution>
    <logoWidth>0</logoWidth>
    <logoHeight>0</logoHeight>
  </attribution>
  <dateCreated>2024-03-12 00:25:35.996 UTC</dateCreated>
  <dateModified>2024-03-12 00:35:25.927 UTC</dateModified>
</layer>