<layer>
  <name>mdo_50_250</name>
  <id>LayerInfoImpl--23b4a38d:18da96cc2fe:-cec</id>
  <type>VECTOR</type>
  <defaultStyle>
    <id>StyleInfoImpl--23b4a38d:18da96cc2fe:-cf3</id>
  </defaultStyle>
  <resource class="featureType">
    <id>FeatureTypeInfoImpl--23b4a38d:18da96cc2fe:-ced</id>
  </resource>
  <attribution>
    <logoWidth>0</logoWidth>
    <logoHeight>0</logoHeight>
  </attribution>
  <dateCreated>2024-02-15 23:54:22.31 UTC</dateCreated>
  <dateModified>2024-02-17 16:37:53.187 UTC</dateModified>
</layer>