<layer>
  <name>ferreterias</name>
  <id>LayerInfoImpl--3f723ce7:1897699f8cf:-5d0a</id>
  <type>VECTOR</type>
  <defaultStyle>
    <id>StyleInfoImpl--3f723ce7:1897699f8cf:-5d09</id>
  </defaultStyle>
  <resource class="featureType">
    <id>FeatureTypeInfoImpl--3f723ce7:1897699f8cf:-5d0b</id>
  </resource>
  <attribution>
    <logoWidth>0</logoWidth>
    <logoHeight>0</logoHeight>
  </attribution>
  <dateCreated>2023-08-11 18:11:46.73 UTC</dateCreated>
  <dateModified>2023-08-11 18:18:33.203 UTC</dateModified>
</layer>