<layer>
  <name>ta_pm</name>
  <id>LayerInfoImpl--3f723ce7:1897699f8cf:-5bff</id>
  <type>VECTOR</type>
  <defaultStyle>
    <id>StyleInfoImpl--3f723ce7:1897699f8cf:-5e7c</id>
  </defaultStyle>
  <resource class="featureType">
    <id>FeatureTypeInfoImpl--3f723ce7:1897699f8cf:-5c00</id>
  </resource>
  <attribution>
    <logoWidth>0</logoWidth>
    <logoHeight>0</logoHeight>
  </attribution>
  <dateCreated>2023-08-11 19:57:35.727 UTC</dateCreated>
  <dateModified>2024-01-03 15:23:05.50 UTC</dateModified>
</layer>