<layer>
  <name>areas_verdes</name>
  <id>LayerInfoImpl--3f723ce7:1897699f8cf:-7fec</id>
  <type>VECTOR</type>
  <defaultStyle>
    <id>StyleInfoImpl--3f723ce7:1897699f8cf:-7fea</id>
  </defaultStyle>
  <resource class="featureType">
    <id>FeatureTypeInfoImpl--3f723ce7:1897699f8cf:-7fed</id>
  </resource>
  <attribution>
    <logoWidth>0</logoWidth>
    <logoHeight>0</logoHeight>
  </attribution>
  <dateCreated>2023-07-21 14:13:26.136 UTC</dateCreated>
  <dateModified>2024-05-14 20:32:56.447 UTC</dateModified>
</layer>