<layer>
  <name>estrellas_lima_2024</name>
  <id>LayerInfoImpl--6205937b:18dc2abf1b0:1776</id>
  <type>VECTOR</type>
  <defaultStyle>
    <id>StyleInfoImpl--6205937b:18dc2abf1b0:1777</id>
  </defaultStyle>
  <resource class="featureType">
    <id>FeatureTypeInfoImpl--6205937b:18dc2abf1b0:1775</id>
  </resource>
  <attribution>
    <logoWidth>0</logoWidth>
    <logoHeight>0</logoHeight>
  </attribution>
  <dateCreated>2024-02-19 20:31:09.457 UTC</dateCreated>
  <dateModified>2024-02-19 20:33:37.689 UTC</dateModified>
</layer>