<layer>
  <name>ta_estrellas_darkstore</name>
  <id>LayerInfoImpl--7c6dc86e:1907ea31b06:5720</id>
  <type>VECTOR</type>
  <defaultStyle>
    <id>StyleInfoImpl--7c6dc86e:1907ea31b06:57a9</id>
  </defaultStyle>
  <resource class="featureType">
    <id>FeatureTypeInfoImpl--7c6dc86e:1907ea31b06:571f</id>
  </resource>
  <attribution>
    <logoWidth>0</logoWidth>
    <logoHeight>0</logoHeight>
  </attribution>
  <dateCreated>2024-07-08 23:04:57.361 UTC</dateCreated>
  <dateModified>2024-07-08 23:11:55.526 UTC</dateModified>
</layer>