<layer>
  <name>clientes_mifarma_inkafarma</name>
  <id>LayerInfoImpl--6205937b:18db3b075ba:-c26</id>
  <type>VECTOR</type>
  <defaultStyle>
    <id>StyleInfoImpl--6205937b:18db3b075ba:-c23</id>
  </defaultStyle>
  <resource class="featureType">
    <id>FeatureTypeInfoImpl--6205937b:18db3b075ba:-c27</id>
  </resource>
  <attribution>
    <logoWidth>0</logoWidth>
    <logoHeight>0</logoHeight>
  </attribution>
  <dateCreated>2024-02-19 18:13:26.77 UTC</dateCreated>
  <dateModified>2024-06-14 14:34:42.865 UTC</dateModified>
</layer>