<layer>
  <name>grillas_almacenes_guru_3km2</name>
  <id>LayerInfoImpl--647e4c22:18baffcf559:-12d0</id>
  <type>VECTOR</type>
  <defaultStyle>
    <id>StyleInfoImpl--647e4c22:18bc8f28dd1:-7d44</id>
  </defaultStyle>
  <styles class="linked-hash-set">
    <style>
      <id>StyleInfoImpl--647e4c22:18baffcf559:-12cc</id>
    </style>
    <style>
      <id>StyleInfoImpl--647e4c22:18bc8f28dd1:-7d45</id>
    </style>
    <style>
      <id>StyleInfoImpl--647e4c22:18bc8f28dd1:-7d44</id>
    </style>
    <style>
      <id>StyleInfoImpl--647e4c22:18bc8f28dd1:-7d43</id>
    </style>
  </styles>
  <resource class="featureType">
    <id>FeatureTypeInfoImpl--647e4c22:18baffcf559:-12d1</id>
  </resource>
  <attribution>
    <logoWidth>0</logoWidth>
    <logoHeight>0</logoHeight>
  </attribution>
  <dateCreated>2023-11-09 21:58:20.371 UTC</dateCreated>
  <dateModified>2023-11-15 13:18:24.131 UTC</dateModified>
</layer>