<layer>
  <name>clientes_vea_2023_bolognesi___pve</name>
  <id>LayerInfoImpl--1b092d2f:18f833b0d71:-5fe0</id>
  <type>VECTOR</type>
  <defaultStyle>
    <id>StyleInfoImpl-36475f01:18f2a9daeb3:6018</id>
  </defaultStyle>
  <resource class="featureType">
    <id>FeatureTypeInfoImpl--1b092d2f:18f833b0d71:-5fe1</id>
  </resource>
  <attribution>
    <logoWidth>0</logoWidth>
    <logoHeight>0</logoHeight>
  </attribution>
  <dateCreated>2024-05-17 20:39:06.818 UTC</dateCreated>
  <dateModified>2024-05-17 20:40:27.518 UTC</dateModified>
</layer>