<layer>
  <name>tiendas_mifarma_inkafarma</name>
  <id>LayerInfoImpl--6205937b:18db3b075ba:-c24</id>
  <type>VECTOR</type>
  <defaultStyle>
    <id>StyleInfoImpl--6205937b:18db3b075ba:-c22</id>
  </defaultStyle>
  <resource class="featureType">
    <id>FeatureTypeInfoImpl--6205937b:18db3b075ba:-c25</id>
  </resource>
  <attribution>
    <logoWidth>0</logoWidth>
    <logoHeight>0</logoHeight>
  </attribution>
  <dateCreated>2024-02-19 18:13:50.908 UTC</dateCreated>
  <dateModified>2024-02-23 18:39:03.541 UTC</dateModified>
</layer>