<layer>
  <name>mercados_chicos</name>
  <id>LayerInfoImpl--3c4f6c8c:18b2521df64:-1dda</id>
  <type>VECTOR</type>
  <defaultStyle>
    <id>StyleInfoImpl--3c4f6c8c:18b01189564:7f5e</id>
  </defaultStyle>
  <styles class="linked-hash-set">
    <style>
      <id>StyleInfoImpl--3c4f6c8c:18b16e8956c:18db</id>
    </style>
    <style>
      <id>StyleInfoImpl--3c4f6c8c:18b01189564:7f5e</id>
    </style>
  </styles>
  <resource class="featureType">
    <id>FeatureTypeInfoImpl--3c4f6c8c:18b2521df64:-1ddb</id>
  </resource>
  <queryable>true</queryable>
  <opaque>false</opaque>
  <attribution>
    <logoWidth>0</logoWidth>
    <logoHeight>0</logoHeight>
  </attribution>
  <dateCreated>2023-10-12 20:58:07.224 UTC</dateCreated>
  <dateModified>2023-10-12 21:29:44.783 UTC</dateModified>
</layer>