<layer>
  <name>subzonas_gastos</name>
  <id>LayerInfoImpl--3c4f6c8c:18b16e8956c:-43c2</id>
  <type>VECTOR</type>
  <defaultStyle>
    <id>StyleInfoImpl-3f872e20:189764417c9:-7ffe</id>
  </defaultStyle>
  <resource class="featureType">
    <id>FeatureTypeInfoImpl--3c4f6c8c:18b16e8956c:-43c3</id>
  </resource>
  <attribution>
    <logoWidth>0</logoWidth>
    <logoHeight>0</logoHeight>
  </attribution>
  <dateCreated>2023-10-10 16:43:14.711 UTC</dateCreated>
  <dateModified>2023-10-10 16:44:16.638 UTC</dateModified>
</layer>