<layer>
  <name>vias_lima</name>
  <id>LayerInfoImpl--3f723ce7:1897699f8cf:-7ff2</id>
  <type>VECTOR</type>
  <defaultStyle>
    <id>StyleInfoImpl--3f723ce7:1897699f8cf:-7ff1</id>
  </defaultStyle>
  <resource class="featureType">
    <id>FeatureTypeInfoImpl--3f723ce7:1897699f8cf:-7ff3</id>
  </resource>
  <attribution>
    <logoWidth>0</logoWidth>
    <logoHeight>0</logoHeight>
  </attribution>
  <dateCreated>2023-07-21 14:10:52.940 UTC</dateCreated>
  <dateModified>2024-02-07 14:31:58.466 UTC</dateModified>
</layer>