<featureType>
  <id>FeatureTypeInfoImpl-4e300915:18c4464fde7:-1fdb</id>
  <name>grilla_piura_1km2</name>
  <nativeName>grilla_piura_1km2</nativeName>
  <namespace>
    <id>NamespaceInfoImpl--3f723ce7:1897699f8cf:-7ffb</id>
  </namespace>
  <title>grilla_piura_1km2</title>
  <keywords>
    <string>features</string>
    <string>grilla_piura_1km2</string>
  </keywords>
  <nativeCRS class="projected">PROJCS[&quot;WGS 84 / UTM zone 18S&quot;, 
  GEOGCS[&quot;WGS 84&quot;, 
    DATUM[&quot;World Geodetic System 1984&quot;, 
      SPHEROID[&quot;WGS 84&quot;, 6378137.0, 298.257223563, AUTHORITY[&quot;EPSG&quot;,&quot;7030&quot;]], 
      AUTHORITY[&quot;EPSG&quot;,&quot;6326&quot;]], 
    PRIMEM[&quot;Greenwich&quot;, 0.0, AUTHORITY[&quot;EPSG&quot;,&quot;8901&quot;]], 
    UNIT[&quot;degree&quot;, 0.017453292519943295], 
    AXIS[&quot;Geodetic longitude&quot;, EAST], 
    AXIS[&quot;Geodetic latitude&quot;, NORTH], 
    AUTHORITY[&quot;EPSG&quot;,&quot;4326&quot;]], 
  PROJECTION[&quot;Transverse_Mercator&quot;, AUTHORITY[&quot;EPSG&quot;,&quot;9807&quot;]], 
  PARAMETER[&quot;central_meridian&quot;, -75.0], 
  PARAMETER[&quot;latitude_of_origin&quot;, 0.0], 
  PARAMETER[&quot;scale_factor&quot;, 0.9996], 
  PARAMETER[&quot;false_easting&quot;, 500000.0], 
  PARAMETER[&quot;false_northing&quot;, 10000000.0], 
  UNIT[&quot;m&quot;, 1.0], 
  AXIS[&quot;Easting&quot;, EAST], 
  AXIS[&quot;Northing&quot;, NORTH], 
  AUTHORITY[&quot;EPSG&quot;,&quot;32718&quot;]]</nativeCRS>
  <srs>EPSG:32718</srs>
  <nativeBoundingBox>
    <minx>-133403.171875</minx>
    <maxx>-117403.15625</maxx>
    <miny>9416271.0</miny>
    <maxy>9428272.0</maxy>
    <crs class="projected">EPSG:32718</crs>
  </nativeBoundingBox>
  <latLonBoundingBox>
    <minx>-80.70673555480415</minx>
    <maxx>-80.56209509978858</maxx>
    <miny>-5.256130453878967</miny>
    <maxy>-5.146802308714788</maxy>
    <crs>EPSG:4326</crs>
  </latLonBoundingBox>
  <projectionPolicy>FORCE_DECLARED</projectionPolicy>
  <enabled>true</enabled>
  <metadata>
    <entry key="cachingEnabled">false</entry>
  </metadata>
  <store class="dataStore">
    <id>DataStoreInfoImpl--4adc7d2e:18c1653fdf1:-2523</id>
  </store>
  <serviceConfiguration>false</serviceConfiguration>
  <simpleConversionEnabled>false</simpleConversionEnabled>
  <internationalTitle/>
  <internationalAbstract/>
  <maxFeatures>0</maxFeatures>
  <numDecimals>0</numDecimals>
  <padWithZeros>false</padWithZeros>
  <forcedDecimal>false</forcedDecimal>
  <overridingServiceSRS>false</overridingServiceSRS>
  <skipNumberMatched>false</skipNumberMatched>
  <circularArcPresent>false</circularArcPresent>
</featureType>