<layer>
  <name>distribuidoras</name>
  <id>LayerInfoImpl--3c4f6c8c:18b01189564:5f0a</id>
  <type>VECTOR</type>
  <defaultStyle>
    <id>StyleInfoImpl--3c4f6c8c:18b16e8956c:18db</id>
  </defaultStyle>
  <styles class="linked-hash-set">
    <style>
      <id>StyleInfoImpl--3c4f6c8c:18b16e8956c:18db</id>
    </style>
  </styles>
  <resource class="featureType">
    <id>FeatureTypeInfoImpl--3c4f6c8c:18b01189564:5f09</id>
  </resource>
  <attribution>
    <logoWidth>0</logoWidth>
    <logoHeight>0</logoHeight>
  </attribution>
  <dateCreated>2023-10-09 16:18:44.690 UTC</dateCreated>
  <dateModified>2023-10-10 17:54:39.142 UTC</dateModified>
</layer>