<layer>
  <name>tapmsz_web</name>
  <id>LayerInfoImpl-4a355e16:18a1f2524d2:286b</id>
  <type>VECTOR</type>
  <defaultStyle>
    <id>StyleInfoImpl-4a355e16:18a1f2524d2:2863</id>
  </defaultStyle>
  <resource class="featureType">
    <id>FeatureTypeInfoImpl-4a355e16:18a1f2524d2:286a</id>
  </resource>
  <attribution>
    <logoWidth>0</logoWidth>
    <logoHeight>0</logoHeight>
  </attribution>
  <dateCreated>2023-08-22 23:30:16.468 UTC</dateCreated>
  <dateModified>2023-08-22 23:31:06.774 UTC</dateModified>
</layer>