<layer>
  <name>clusters</name>
  <id>LayerInfoImpl--3f723ce7:1897699f8cf:-6085</id>
  <type>VECTOR</type>
  <defaultStyle>
    <id>StyleInfoImpl--3f723ce7:1897699f8cf:-6077</id>
  </defaultStyle>
  <styles class="linked-hash-set">
    <style>
      <id>StyleInfoImpl--3f723ce7:1897699f8cf:-6077</id>
    </style>
  </styles>
  <resource class="featureType">
    <id>FeatureTypeInfoImpl--3f723ce7:1897699f8cf:-6086</id>
  </resource>
  <attribution>
    <logoWidth>0</logoWidth>
    <logoHeight>0</logoHeight>
  </attribution>
  <dateCreated>2023-07-24 18:46:06.206 UTC</dateCreated>
  <dateModified>2024-02-14 17:20:46.760 UTC</dateModified>
</layer>