<layer>
  <name>near_cdl_ngr</name>
  <id>LayerInfoImpl--3c4f6c8c:18a2feb6d9e:-7fef</id>
  <type>VECTOR</type>
  <defaultStyle>
    <id>StyleInfoImpl--3c4f6c8c:18a2feb6d9e:-7ff1</id>
  </defaultStyle>
  <resource class="featureType">
    <id>FeatureTypeInfoImpl--3c4f6c8c:18a2feb6d9e:-7ff0</id>
  </resource>
  <attribution>
    <logoWidth>0</logoWidth>
    <logoHeight>0</logoHeight>
  </attribution>
  <dateCreated>2023-09-06 17:51:51.305 UTC</dateCreated>
  <dateModified>2023-09-06 17:52:14.49 UTC</dateModified>
</layer>