<layer>
  <name>near_cel_rp</name>
  <id>LayerInfoImpl--3c4f6c8c:18a2feb6d9e:-7fcc</id>
  <type>VECTOR</type>
  <defaultStyle>
    <id>StyleInfoImpl--3c4f6c8c:18aba341dd5:676a</id>
  </defaultStyle>
  <resource class="featureType">
    <id>FeatureTypeInfoImpl--3c4f6c8c:18a2feb6d9e:-7fcd</id>
  </resource>
  <attribution>
    <logoWidth>0</logoWidth>
    <logoHeight>0</logoHeight>
  </attribution>
  <dateCreated>2023-09-21 23:57:46.351 UTC</dateCreated>
  <dateModified>2024-05-17 23:29:03.306 UTC</dateModified>
</layer>