<layer>
  <name>clientes_rp</name>
  <id>LayerInfoImpl--7e41e18e:18c827733fc:7db0</id>
  <type>VECTOR</type>
  <defaultStyle>
    <id>StyleInfoImpl--7e41e18e:18c827733fc:7dae</id>
  </defaultStyle>
  <resource class="featureType">
    <id>FeatureTypeInfoImpl--7e41e18e:18c827733fc:7daf</id>
  </resource>
  <attribution>
    <logoWidth>0</logoWidth>
    <logoHeight>0</logoHeight>
  </attribution>
  <dateCreated>2023-12-20 16:48:52.901 UTC</dateCreated>
  <dateModified>2023-12-20 16:49:03.571 UTC</dateModified>
</layer>