<layerGroup>
  <id>LayerGroupInfoImpl--1b092d2f:18f833b0d71:-7daf</id>
  <name>Clientes Vea</name>
  <mode>SINGLE</mode>
  <title>Clientes Vea</title>
  <workspace>
    <id>WorkspaceInfoImpl--3f723ce7:1897699f8cf:-7ffc</id>
  </workspace>
  <internationalTitle/>
  <internationalAbstract/>
  <publishables>
    <published type="layer">
      <id>LayerInfoImpl--1b092d2f:18f833b0d71:-600a</id>
    </published>
    <published type="layer">
      <id>LayerInfoImpl--1b092d2f:18f833b0d71:-6007</id>
    </published>
  </publishables>
  <styles>
    <style>
      <id>StyleInfoImpl-36475f01:18f2a9daeb3:6018</id>
    </style>
    <style>
      <id>StyleInfoImpl-36475f01:18f2a9daeb3:6018</id>
    </style>
  </styles>
  <bounds>
    <minx>-77.19610595703125</minx>
    <maxx>-76.66903686523438</maxx>
    <miny>-12.513636589050293</miny>
    <maxy>-11.726065635681152</maxy>
    <crs>EPSG:4326</crs>
  </bounds>
  <dateCreated>2024-05-16 22:13:47.698 UTC</dateCreated>
  <dateModified>2024-05-17 18:36:24.761 UTC</dateModified>
</layerGroup>