<layer>
  <name>ta_locales_aprobados</name>
  <id>LayerInfoImpl-7d28849e:18da4769722:-76de</id>
  <type>VECTOR</type>
  <defaultStyle>
    <id>StyleInfoImpl-7d28849e:18da4769722:-7b8a</id>
  </defaultStyle>
  <resource class="featureType">
    <id>FeatureTypeInfoImpl-7d28849e:18da4769722:-76df</id>
  </resource>
  <attribution>
    <logoWidth>0</logoWidth>
    <logoHeight>0</logoHeight>
  </attribution>
  <dateCreated>2024-02-13 22:20:11.725 UTC</dateCreated>
  <dateModified>2024-02-13 22:20:33.603 UTC</dateModified>
</layer>