<layer>
  <name>clientes_vea_2023_jiron_de_la_union___pve</name>
  <id>LayerInfoImpl--1b092d2f:18f833b0d71:-5ea0</id>
  <type>VECTOR</type>
  <defaultStyle>
    <id>StyleInfoImpl-36475f01:18f2a9daeb3:6018</id>
  </defaultStyle>
  <resource class="featureType">
    <id>FeatureTypeInfoImpl--1b092d2f:18f833b0d71:-5ea1</id>
  </resource>
  <attribution>
    <logoWidth>0</logoWidth>
    <logoHeight>0</logoHeight>
  </attribution>
  <dateCreated>2024-05-17 21:24:54.102 UTC</dateCreated>
  <dateModified>2024-05-17 22:43:59.623 UTC</dateModified>
</layer>