<layer>
  <name>ciudades</name>
  <id>LayerInfoImpl--7e41e18e:18c89165b09:-499c</id>
  <type>VECTOR</type>
  <defaultStyle>
    <id>StyleInfoImpl--7e41e18e:18c89165b09:-499b</id>
  </defaultStyle>
  <resource class="featureType">
    <id>FeatureTypeInfoImpl--7e41e18e:18c89165b09:-499d</id>
  </resource>
  <attribution>
    <logoWidth>0</logoWidth>
    <logoHeight>0</logoHeight>
  </attribution>
  <dateCreated>2023-12-21 13:08:58.276 UTC</dateCreated>
  <dateModified>2024-02-15 04:29:49.156 UTC</dateModified>
</layer>