<layer>
  <name>ta_cc</name>
  <id>LayerInfoImpl--1b092d2f:18f88e3b92b:-3370</id>
  <type>VECTOR</type>
  <defaultStyle>
    <id>StyleInfoImpl--1b092d2f:18f88e3b92b:-336b</id>
  </defaultStyle>
  <resource class="featureType">
    <id>FeatureTypeInfoImpl--1b092d2f:18f88e3b92b:-3371</id>
  </resource>
  <attribution>
    <logoWidth>0</logoWidth>
    <logoHeight>0</logoHeight>
  </attribution>
  <dateCreated>2024-05-27 17:40:27.613 UTC</dateCreated>
  <dateModified>2024-05-27 20:17:19.645 UTC</dateModified>
</layer>