<layer>
  <name>estrellas_pm</name>
  <id>LayerInfoImpl--7e41e18e:18c641c4446:3dfa</id>
  <type>VECTOR</type>
  <defaultStyle>
    <id>StyleInfoImpl--7e41e18e:18c641c4446:3dfb</id>
  </defaultStyle>
  <resource class="featureType">
    <id>FeatureTypeInfoImpl--7e41e18e:18c641c4446:3df9</id>
  </resource>
  <attribution>
    <logoWidth>0</logoWidth>
    <logoHeight>0</logoHeight>
  </attribution>
  <dateCreated>2023-12-13 23:31:44.326 UTC</dateCreated>
  <dateModified>2023-12-13 23:33:43.574 UTC</dateModified>
</layer>