<layer>
  <name>grilla_piura_1km2</name>
  <id>LayerInfoImpl-4e300915:18c4464fde7:-1fda</id>
  <type>VECTOR</type>
  <defaultStyle>
    <id>StyleInfoImpl--4adc7d2e:18c1653fdf1:-2520</id>
  </defaultStyle>
  <resource class="featureType">
    <id>FeatureTypeInfoImpl-4e300915:18c4464fde7:-1fdb</id>
  </resource>
  <attribution>
    <logoWidth>0</logoWidth>
    <logoHeight>0</logoHeight>
  </attribution>
  <dateCreated>2023-12-07 13:22:06.501 UTC</dateCreated>
  <dateModified>2023-12-07 13:36:41.211 UTC</dateModified>
</layer>