<layer>
  <name>mdo_250_500</name>
  <id>LayerInfoImpl--23b4a38d:18da96cc2fe:-cea</id>
  <type>VECTOR</type>
  <defaultStyle>
    <id>StyleInfoImpl--23b4a38d:18da96cc2fe:-cf2</id>
  </defaultStyle>
  <resource class="featureType">
    <id>FeatureTypeInfoImpl--23b4a38d:18da96cc2fe:-ceb</id>
  </resource>
  <attribution>
    <logoWidth>0</logoWidth>
    <logoHeight>0</logoHeight>
  </attribution>
  <dateCreated>2024-02-15 23:55:09.154 UTC</dateCreated>
  <dateModified>2024-02-17 16:45:05.860 UTC</dateModified>
</layer>