<layer>
  <name>grillas_almacenes_guru_5km2</name>
  <id>LayerInfoImpl--647e4c22:18baffcf559:-12ce</id>
  <type>VECTOR</type>
  <defaultStyle>
    <id>StyleInfoImpl-ffb9548:18bd022106f:-27f9</id>
  </defaultStyle>
  <styles class="linked-hash-set">
    <style>
      <id>StyleInfoImpl-ffb9548:18bd022106f:-2a03</id>
    </style>
    <style>
      <id>StyleInfoImpl-ffb9548:18bd022106f:-288a</id>
    </style>
    <style>
      <id>StyleInfoImpl-ffb9548:18bd022106f:-27fb</id>
    </style>
    <style>
      <id>StyleInfoImpl-ffb9548:18bd022106f:-27f9</id>
    </style>
  </styles>
  <resource class="featureType">
    <id>FeatureTypeInfoImpl--647e4c22:18baffcf559:-12cf</id>
  </resource>
  <attribution>
    <logoWidth>0</logoWidth>
    <logoHeight>0</logoHeight>
  </attribution>
  <dateCreated>2023-11-09 21:58:46.486 UTC</dateCreated>
  <dateModified>2023-11-15 13:50:02.132 UTC</dateModified>
</layer>