<layer>
  <name>paraderos_lima</name>
  <id>LayerInfoImpl-ffb9548:18bf78c45c2:-4864</id>
  <type>VECTOR</type>
  <defaultStyle>
    <id>StyleInfoImpl-ffb9548:18bf78c45c2:-480c</id>
  </defaultStyle>
  <resource class="featureType">
    <id>FeatureTypeInfoImpl-ffb9548:18bf78c45c2:-4865</id>
  </resource>
  <attribution>
    <logoWidth>0</logoWidth>
    <logoHeight>0</logoHeight>
  </attribution>
  <dateCreated>2023-11-22 16:32:22.313 UTC</dateCreated>
  <dateModified>2023-11-22 16:51:57.387 UTC</dateModified>
</layer>