<layer>
  <name>vias_provincia</name>
  <id>LayerInfoImpl-7d28849e:18d89a5cac6:-292c</id>
  <type>VECTOR</type>
  <defaultStyle>
    <id>StyleInfoImpl-7d28849e:18d89a5cac6:-2927</id>
  </defaultStyle>
  <resource class="featureType">
    <id>FeatureTypeInfoImpl-7d28849e:18d89a5cac6:-292d</id>
  </resource>
  <attribution>
    <logoWidth>0</logoWidth>
    <logoHeight>0</logoHeight>
  </attribution>
  <dateCreated>2024-02-09 20:41:48.928 UTC</dateCreated>
  <dateModified>2024-02-09 20:45:22.455 UTC</dateModified>
</layer>