<layer>
  <name>ta_estrellas_pm</name>
  <id>LayerInfoImpl--7e41e18e:18c641c4446:3e03</id>
  <type>VECTOR</type>
  <defaultStyle>
    <id>StyleInfoImpl--7e41e18e:18c4c6dc312:2ee0</id>
  </defaultStyle>
  <resource class="featureType">
    <id>FeatureTypeInfoImpl--7e41e18e:18c641c4446:3e02</id>
  </resource>
  <attribution>
    <logoWidth>0</logoWidth>
    <logoHeight>0</logoHeight>
  </attribution>
  <dateCreated>2023-12-13 23:54:50.841 UTC</dateCreated>
  <dateModified>2023-12-13 23:55:14.169 UTC</dateModified>
</layer>