<layer>
  <name>tiendas_mass_05dic2023</name>
  <id>LayerInfoImpl-4e300915:18c3be7532c:392b</id>
  <type>VECTOR</type>
  <defaultStyle>
    <id>StyleInfoImpl-4e300915:18c3be7532c:3c82</id>
  </defaultStyle>
  <resource class="featureType">
    <id>FeatureTypeInfoImpl-4e300915:18c3be7532c:392a</id>
  </resource>
  <attribution>
    <logoWidth>0</logoWidth>
    <logoHeight>0</logoHeight>
  </attribution>
  <dateCreated>2023-12-05 22:01:15.224 UTC</dateCreated>
  <dateModified>2023-12-05 22:08:36.507 UTC</dateModified>
</layer>