<layer>
  <name>grillas_ferreterias</name>
  <id>LayerInfoImpl--3c4f6c8c:18b16e8956c:-43d7</id>
  <type>VECTOR</type>
  <defaultStyle>
    <id>StyleInfoImpl--3c4f6c8c:18b16e8956c:-43d9</id>
  </defaultStyle>
  <styles class="linked-hash-set">
    <style>
      <id>StyleInfoImpl--3c4f6c8c:18b16e8956c:-43dc</id>
    </style>
    <style>
      <id>StyleInfoImpl--3c4f6c8c:18b16e8956c:-43db</id>
    </style>
    <style>
      <id>StyleInfoImpl--3c4f6c8c:18b16e8956c:-43da</id>
    </style>
    <style>
      <id>StyleInfoImpl--3c4f6c8c:18b16e8956c:-43d9</id>
    </style>
  </styles>
  <resource class="featureType">
    <id>FeatureTypeInfoImpl--3c4f6c8c:18b16e8956c:-43d8</id>
  </resource>
  <attribution>
    <logoWidth>0</logoWidth>
    <logoHeight>0</logoHeight>
  </attribution>
  <dateCreated>2023-10-10 16:34:06.790 UTC</dateCreated>
  <dateModified>2023-10-10 16:35:30.900 UTC</dateModified>
</layer>