<layer>
  <name>clientes_promart_peru_22_23</name>
  <id>LayerInfoImpl--7e41e18e:18c641c4446:3c0a</id>
  <type>VECTOR</type>
  <defaultStyle>
    <id>StyleInfoImpl--7e41e18e:18c641c4446:3c0b</id>
  </defaultStyle>
  <resource class="featureType">
    <id>FeatureTypeInfoImpl--7e41e18e:18c641c4446:3c09</id>
  </resource>
  <attribution>
    <logoWidth>0</logoWidth>
    <logoHeight>0</logoHeight>
  </attribution>
  <dateCreated>2023-12-13 22:25:48.702 UTC</dateCreated>
  <dateModified>2023-12-13 22:36:53.685 UTC</dateModified>
</layer>