<layer>
  <name>mdo_500_1000</name>
  <id>LayerInfoImpl--23b4a38d:18da96cc2fe:-ce8</id>
  <type>VECTOR</type>
  <defaultStyle>
    <id>StyleInfoImpl--23b4a38d:18da96cc2fe:-cf1</id>
  </defaultStyle>
  <resource class="featureType">
    <id>FeatureTypeInfoImpl--23b4a38d:18da96cc2fe:-ce9</id>
  </resource>
  <attribution>
    <logoWidth>0</logoWidth>
    <logoHeight>0</logoHeight>
  </attribution>
  <dateCreated>2024-02-15 23:55:50.281 UTC</dateCreated>
  <dateModified>2024-02-17 16:45:26.8 UTC</dateModified>
</layer>