<layer>
  <name>distrito_tiendas2024</name>
  <id>LayerInfoImpl--23b4a38d:18da5c4e2e5:-1ca8</id>
  <type>VECTOR</type>
  <defaultStyle>
    <id>StyleInfoImpl-7d28849e:18da4769722:-5f2e</id>
  </defaultStyle>
  <resource class="featureType">
    <id>FeatureTypeInfoImpl--23b4a38d:18da5c4e2e5:-1ca9</id>
  </resource>
  <attribution>
    <logoWidth>0</logoWidth>
    <logoHeight>0</logoHeight>
  </attribution>
  <dateCreated>2024-02-14 17:26:57.515 UTC</dateCreated>
  <dateModified>2024-02-14 17:27:46.654 UTC</dateModified>
</layer>