<layer>
  <name>ta_mass_compilado</name>
  <id>LayerInfoImpl-7d28849e:18d89a5cac6:-297</id>
  <type>VECTOR</type>
  <defaultStyle>
    <id>StyleInfoImpl-7d28849e:18d89a5cac6:204f</id>
  </defaultStyle>
  <resource class="featureType">
    <id>FeatureTypeInfoImpl-7d28849e:18d89a5cac6:-298</id>
  </resource>
  <attribution>
    <logoWidth>0</logoWidth>
    <logoHeight>0</logoHeight>
  </attribution>
  <dateCreated>2024-02-13 18:51:43.10 UTC</dateCreated>
  <dateModified>2024-02-13 18:57:24.753 UTC</dateModified>
</layer>