<layer>
  <name>subzonas</name>
  <id>LayerInfoImpl--3f723ce7:1897699f8cf:-61a7</id>
  <type>VECTOR</type>
  <defaultStyle>
    <id>StyleInfoImpl--3f723ce7:1897699f8cf:-7f6f</id>
  </defaultStyle>
  <resource class="featureType">
    <id>FeatureTypeInfoImpl--3f723ce7:1897699f8cf:-61a8</id>
  </resource>
  <attribution>
    <logoWidth>0</logoWidth>
    <logoHeight>0</logoHeight>
  </attribution>
  <dateCreated>2023-07-21 17:45:27.78 UTC</dateCreated>
  <dateModified>2024-04-24 20:53:12.306 UTC</dateModified>
</layer>