<layer>
  <name>Competencia_Supermercados</name>
  <id>LayerInfoImpl--3c4f6c8c:18b2521df64:-704d</id>
  <type>VECTOR</type>
  <defaultStyle>
    <id>StyleInfoImpl-3f872e20:189764417c9:-7ffc</id>
  </defaultStyle>
  <resource class="featureType">
    <id>FeatureTypeInfoImpl--3c4f6c8c:18b2521df64:-704e</id>
  </resource>
  <attribution>
    <logoWidth>0</logoWidth>
    <logoHeight>0</logoHeight>
  </attribution>
  <dateCreated>2023-10-12 20:00:08.428 UTC</dateCreated>
  <dateModified>2024-05-20 20:56:53.149 UTC</dateModified>
</layer>