<layer>
  <name>near_cel_ngr</name>
  <id>LayerInfoImpl--3c4f6c8c:18a2feb6d9e:-7feb</id>
  <type>VECTOR</type>
  <defaultStyle>
    <id>StyleInfoImpl--3c4f6c8c:18a2feb6d9e:-7ff2</id>
  </defaultStyle>
  <resource class="featureType">
    <id>FeatureTypeInfoImpl--3c4f6c8c:18a2feb6d9e:-7fec</id>
  </resource>
  <attribution>
    <logoWidth>0</logoWidth>
    <logoHeight>0</logoHeight>
  </attribution>
  <dateCreated>2023-09-06 17:53:36.716 UTC</dateCreated>
  <dateModified>2023-09-06 17:53:48.387 UTC</dateModified>
</layer>