<layer>
  <name>real_plaza</name>
  <id>LayerInfoImpl--3c4f6c8c:18a2feb6d9e:-7fdb</id>
  <type>VECTOR</type>
  <defaultStyle>
    <id>StyleInfoImpl--3c4f6c8c:18a2feb6d9e:-7fd9</id>
  </defaultStyle>
  <resource class="featureType">
    <id>FeatureTypeInfoImpl--3c4f6c8c:18a2feb6d9e:-7fdc</id>
  </resource>
  <attribution>
    <logoWidth>0</logoWidth>
    <logoHeight>0</logoHeight>
  </attribution>
  <dateCreated>2023-09-21 14:51:40.384 UTC</dateCreated>
  <dateModified>2023-10-13 22:59:55.768 UTC</dateModified>
</layer>