<layer>
  <name>bodegas_horeca</name>
  <id>LayerInfoImpl-36475f01:18e3ef86212:-dc4</id>
  <type>VECTOR</type>
  <defaultStyle>
    <id>StyleInfoImpl-36475f01:18e3ef86212:-dc3</id>
  </defaultStyle>
  <resource class="featureType">
    <id>FeatureTypeInfoImpl-36475f01:18e3ef86212:-dc5</id>
  </resource>
  <attribution>
    <logoWidth>0</logoWidth>
    <logoHeight>0</logoHeight>
  </attribution>
  <dateCreated>2024-04-12 17:26:30.922 UTC</dateCreated>
  <dateModified>2024-04-12 20:11:13.693 UTC</dateModified>
</layer>