<layer>
  <name>ta_estrellas_pv</name>
  <id>LayerInfoImpl--7e41e18e:18c4c6dc312:2edf</id>
  <type>VECTOR</type>
  <defaultStyle>
    <id>StyleInfoImpl--7e41e18e:18c4c6dc312:2ee0</id>
  </defaultStyle>
  <resource class="featureType">
    <id>FeatureTypeInfoImpl--7e41e18e:18c4c6dc312:2ede</id>
  </resource>
  <attribution>
    <logoWidth>0</logoWidth>
    <logoHeight>0</logoHeight>
  </attribution>
  <dateCreated>2023-12-12 04:55:42.140 UTC</dateCreated>
  <dateModified>2023-12-12 04:56:34.393 UTC</dateModified>
</layer>