<layer>
  <name>tiendas_ngr</name>
  <id>LayerInfoImpl-3bbad726:18c1c35fed6:-7fee</id>
  <type>VECTOR</type>
  <defaultStyle>
    <id>StyleInfoImpl--23b4a38d:18da5c4e2e5:337f</id>
  </defaultStyle>
  <resource class="featureType">
    <id>FeatureTypeInfoImpl-3bbad726:18c1c35fed6:-7fef</id>
  </resource>
  <attribution>
    <logoWidth>0</logoWidth>
    <logoHeight>0</logoHeight>
  </attribution>
  <dateCreated>2023-11-30 05:04:26.833 UTC</dateCreated>
  <dateModified>2024-02-16 04:30:50.387 UTC</dateModified>
</layer>