<layer>
  <name>mdo_1000_mas</name>
  <id>LayerInfoImpl--23b4a38d:18da96cc2fe:171e</id>
  <type>VECTOR</type>
  <defaultStyle>
    <id>StyleInfoImpl--23b4a38d:18da96cc2fe:-cf0</id>
  </defaultStyle>
  <resource class="featureType">
    <id>FeatureTypeInfoImpl--23b4a38d:18da96cc2fe:171d</id>
  </resource>
  <attribution>
    <logoWidth>0</logoWidth>
    <logoHeight>0</logoHeight>
  </attribution>
  <dateCreated>2024-02-16 14:13:32.335 UTC</dateCreated>
  <dateModified>2024-02-17 16:44:32.214 UTC</dateModified>
</layer>