<layer>
  <name>clientes_vea_2023_e_commerce_non_food</name>
  <id>LayerInfoImpl--1b092d2f:18f833b0d71:-5ec5</id>
  <type>VECTOR</type>
  <defaultStyle>
    <id>StyleInfoImpl-36475f01:18f2a9daeb3:6018</id>
  </defaultStyle>
  <resource class="featureType">
    <id>FeatureTypeInfoImpl--1b092d2f:18f833b0d71:-5ec6</id>
  </resource>
  <attribution>
    <logoWidth>0</logoWidth>
    <logoHeight>0</logoHeight>
  </attribution>
  <dateCreated>2024-05-17 21:12:10.671 UTC</dateCreated>
  <dateModified>2024-05-17 22:43:43.474 UTC</dateModified>
</layer>