<layer>
  <name>estrellas_darkstore</name>
  <id>LayerInfoImpl--7c6dc86e:1907ea31b06:5690</id>
  <type>VECTOR</type>
  <defaultStyle>
    <id>StyleInfoImpl--7c6dc86e:1907ea31b06:579b</id>
  </defaultStyle>
  <resource class="featureType">
    <id>FeatureTypeInfoImpl--7c6dc86e:1907ea31b06:568f</id>
  </resource>
  <attribution>
    <logoWidth>0</logoWidth>
    <logoHeight>0</logoHeight>
  </attribution>
  <dateCreated>2024-07-08 23:02:08.586 UTC</dateCreated>
  <dateModified>2024-07-08 23:11:01.575 UTC</dateModified>
</layer>