<layer>
  <name>clientes_vea_2023_centro_trujillo___pve</name>
  <id>LayerInfoImpl--1b092d2f:18f833b0d71:-5eeb</id>
  <type>VECTOR</type>
  <defaultStyle>
    <id>StyleInfoImpl-36475f01:18f2a9daeb3:6018</id>
  </defaultStyle>
  <resource class="featureType">
    <id>FeatureTypeInfoImpl--1b092d2f:18f833b0d71:-5eec</id>
  </resource>
  <attribution>
    <logoWidth>0</logoWidth>
    <logoHeight>0</logoHeight>
  </attribution>
  <dateCreated>2024-05-17 20:43:14.606 UTC</dateCreated>
  <dateModified>2024-05-17 22:43:05.344 UTC</dateModified>
</layer>