<layer>
  <name>subzonas_lima</name>
  <id>LayerInfoImpl--3f723ce7:1897699f8cf:-600f</id>
  <type>VECTOR</type>
  <defaultStyle>
    <id>StyleInfoImpl--3f723ce7:1897699f8cf:-7f6f</id>
  </defaultStyle>
  <resource class="featureType">
    <id>FeatureTypeInfoImpl--3f723ce7:1897699f8cf:-6010</id>
  </resource>
  <attribution>
    <logoWidth>0</logoWidth>
    <logoHeight>0</logoHeight>
  </attribution>
  <dateCreated>2023-07-25 14:42:30.669 UTC</dateCreated>
  <dateModified>2023-10-10 16:57:34.729 UTC</dateModified>
</layer>