<layer>
  <name>innova_school</name>
  <id>LayerInfoImpl--23b4a38d:18da96cc2fe:-3ff3</id>
  <type>VECTOR</type>
  <defaultStyle>
    <id>StyleInfoImpl--23b4a38d:18da96cc2fe:170f</id>
  </defaultStyle>
  <resource class="featureType">
    <id>FeatureTypeInfoImpl--23b4a38d:18da96cc2fe:-3ff4</id>
  </resource>
  <attribution>
    <logoWidth>0</logoWidth>
    <logoHeight>0</logoHeight>
  </attribution>
  <dateCreated>2024-02-14 23:00:16.45 UTC</dateCreated>
  <dateModified>2024-05-02 20:49:19.217 UTC</dateModified>
</layer>