<layer>
  <name>densidad_mz</name>
  <id>LayerInfoImpl--3c4f6c8c:18b16e8956c:-7b8d</id>
  <type>VECTOR</type>
  <defaultStyle>
    <id>StyleInfoImpl--3c4f6c8c:18b16e8956c:-7b8b</id>
  </defaultStyle>
  <styles class="linked-hash-set">
    <style>
      <id>StyleInfoImpl--3c4f6c8c:18b16e8956c:-7b8b</id>
    </style>
  </styles>
  <resource class="featureType">
    <id>FeatureTypeInfoImpl--3c4f6c8c:18b16e8956c:-7b8e</id>
  </resource>
  <attribution>
    <logoWidth>0</logoWidth>
    <logoHeight>0</logoHeight>
  </attribution>
  <dateCreated>2023-10-10 06:54:35.986 UTC</dateCreated>
  <dateModified>2023-10-10 06:59:36.864 UTC</dateModified>
</layer>