<layer>
  <name>near_cel_competenciarp</name>
  <id>LayerInfoImpl--3c4f6c8c:18aba341dd5:6765</id>
  <type>VECTOR</type>
  <defaultStyle>
    <id>StyleInfoImpl--3c4f6c8c:18aba341dd5:6766</id>
  </defaultStyle>
  <resource class="featureType">
    <id>FeatureTypeInfoImpl--3c4f6c8c:18aba341dd5:6764</id>
  </resource>
  <attribution>
    <logoWidth>0</logoWidth>
    <logoHeight>0</logoHeight>
  </attribution>
  <dateCreated>2023-09-22 15:39:29.369 UTC</dateCreated>
  <dateModified>2023-09-22 15:42:57.579 UTC</dateModified>
</layer>