<layer>
  <name>mercados</name>
  <id>LayerInfoImpl--3f723ce7:1897699f8cf:-6044</id>
  <type>VECTOR</type>
  <defaultStyle>
    <id>StyleInfoImpl--3f723ce7:1897699f8cf:-6043</id>
  </defaultStyle>
  <resource class="featureType">
    <id>FeatureTypeInfoImpl--3f723ce7:1897699f8cf:-6045</id>
  </resource>
  <attribution>
    <logoWidth>0</logoWidth>
    <logoHeight>0</logoHeight>
  </attribution>
  <dateCreated>2023-07-24 22:45:10.153 UTC</dateCreated>
  <dateModified>2024-05-14 20:35:20.91 UTC</dateModified>
</layer>