<layer>
  <name>mar_peru</name>
  <id>LayerInfoImpl--3f723ce7:1897699f8cf:-7fe1</id>
  <type>VECTOR</type>
  <defaultStyle>
    <id>StyleInfoImpl--3f723ce7:1897699f8cf:-7fe0</id>
  </defaultStyle>
  <resource class="featureType">
    <id>FeatureTypeInfoImpl--3f723ce7:1897699f8cf:-7fe2</id>
  </resource>
  <attribution>
    <logoWidth>0</logoWidth>
    <logoHeight>0</logoHeight>
  </attribution>
  <dateCreated>2023-07-21 14:16:21.788 UTC</dateCreated>
  <dateModified>2024-02-15 22:39:33.542 UTC</dateModified>
</layer>