<layer>
  <name>share_teva_near_2023</name>
  <id>LayerInfoImpl--7e41e18e:18cd04a3000:31ff</id>
  <type>VECTOR</type>
  <defaultStyle>
    <id>StyleInfoImpl--7e41e18e:18cd04a3000:3216</id>
  </defaultStyle>
  <resource class="featureType">
    <id>FeatureTypeInfoImpl--7e41e18e:18cd04a3000:31fe</id>
  </resource>
  <attribution>
    <logoWidth>0</logoWidth>
    <logoHeight>0</logoHeight>
  </attribution>
  <dateCreated>2024-01-12 16:18:04.761 UTC</dateCreated>
  <dateModified>2024-01-12 16:29:16.753 UTC</dateModified>
</layer>