<layer>
  <name>competencia_pm</name>
  <id>LayerInfoImpl--3f723ce7:1897699f8cf:-5e87</id>
  <type>VECTOR</type>
  <defaultStyle>
    <id>StyleInfoImpl--3f723ce7:1897699f8cf:-5e86</id>
  </defaultStyle>
  <resource class="featureType">
    <id>FeatureTypeInfoImpl--3f723ce7:1897699f8cf:-5e88</id>
  </resource>
  <attribution>
    <logoWidth>0</logoWidth>
    <logoHeight>0</logoHeight>
  </attribution>
  <dateCreated>2023-08-07 18:11:11.41 UTC</dateCreated>
  <dateModified>2024-01-17 13:45:52.589 UTC</dateModified>
</layer>