<featureType>
  <id>FeatureTypeInfoImpl--7c6dc86e:1907ea31b06:5b05</id>
  <name>plaza_vea_delivery</name>
  <nativeName>negocios_peru</nativeName>
  <namespace>
    <id>NamespaceInfoImpl--3f723ce7:1897699f8cf:-7ffb</id>
  </namespace>
  <title>plaza_vea_delivery</title>
  <keywords>
    <string>features</string>
    <string>negocios_peru</string>
  </keywords>
  <nativeCRS>GEOGCS[&quot;WGS 84&quot;, 
  DATUM[&quot;World Geodetic System 1984&quot;, 
    SPHEROID[&quot;WGS 84&quot;, 6378137.0, 298.257223563, AUTHORITY[&quot;EPSG&quot;,&quot;7030&quot;]], 
    AUTHORITY[&quot;EPSG&quot;,&quot;6326&quot;]], 
  PRIMEM[&quot;Greenwich&quot;, 0.0, AUTHORITY[&quot;EPSG&quot;,&quot;8901&quot;]], 
  UNIT[&quot;degree&quot;, 0.017453292519943295], 
  AXIS[&quot;Geodetic longitude&quot;, EAST], 
  AXIS[&quot;Geodetic latitude&quot;, NORTH], 
  AUTHORITY[&quot;EPSG&quot;,&quot;4326&quot;]]</nativeCRS>
  <srs>EPSG:4326</srs>
  <nativeBoundingBox>
    <minx>-77.19610595703125</minx>
    <maxx>-76.66903686523438</maxx>
    <miny>-12.393860816955566</miny>
    <maxy>-11.726065635681152</maxy>
  </nativeBoundingBox>
  <latLonBoundingBox>
    <minx>-77.19610595703125</minx>
    <maxx>-76.66903686523438</maxx>
    <miny>-12.393860816955566</miny>
    <maxy>-11.726065635681152</maxy>
  </latLonBoundingBox>
  <projectionPolicy>FORCE_DECLARED</projectionPolicy>
  <enabled>true</enabled>
  <metadata>
    <entry key="cachingEnabled">false</entry>
  </metadata>
  <store class="dataStore">
    <id>DataStoreInfoImpl--3f723ce7:1897699f8cf:-7fda</id>
  </store>
  <serviceConfiguration>false</serviceConfiguration>
  <simpleConversionEnabled>false</simpleConversionEnabled>
  <internationalTitle/>
  <internationalAbstract/>
  <cqlFilter>&quot;nombre_de_la_tienda&quot; IN &#xd;
(&apos;Vivanda Asia&apos;, &apos;Plaza Vea Super Alameda Sur&apos;, &apos;Plaza Vea Super Ayacucho&apos;, &apos;Plaza Vea Super Caminos del Inca&apos;, &apos;Plaza Vea Colonial&apos;, &apos;Plaza Vea Cortijo&apos;, &apos;Plaza Vea Higuereta&apos;, &apos;Plaza Vea Izaguirre&apos;, &apos;Plaza Vea La Curva&apos;, &apos;Plaza Vea La Molina&apos;, &apos;Vivanda Libertadores&apos;, &apos;Plaza Vea Los Olivos&apos;, &apos;Plaza Vea Miraflores&apos;, &apos;Vivanda Monterrico&apos;, &apos;Plaza Vea Primavera&apos;, &apos;Plaza Vea Pro&apos;, &apos;Plaza Vea Milenia San Isidro&apos;, &apos;Plaza Vea San Miguel&apos;, &apos;Plaza Vea Santa Clara&apos;, &apos;Plaza Vea SJL&apos;, &apos;Plaza Vea Sucre&apos;, &apos;Plaza Vea Super Valle Hermoso&apos;)</cqlFilter>
  <maxFeatures>0</maxFeatures>
  <numDecimals>0</numDecimals>
  <padWithZeros>false</padWithZeros>
  <forcedDecimal>false</forcedDecimal>
  <overridingServiceSRS>false</overridingServiceSRS>
  <skipNumberMatched>false</skipNumberMatched>
  <circularArcPresent>false</circularArcPresent>
</featureType>