<layer>
  <name>plaza_vea_delivery</name>
  <id>LayerInfoImpl--7c6dc86e:1907ea31b06:5b06</id>
  <type>VECTOR</type>
  <defaultStyle>
    <id>StyleInfoImpl--3f723ce7:1897699f8cf:-7fd6</id>
  </defaultStyle>
  <resource class="featureType">
    <id>FeatureTypeInfoImpl--7c6dc86e:1907ea31b06:5b05</id>
  </resource>
  <attribution>
    <logoWidth>0</logoWidth>
    <logoHeight>0</logoHeight>
  </attribution>
  <dateCreated>2024-07-09 00:17:40.828 UTC</dateCreated>
  <dateModified>2024-07-09 00:18:29.971 UTC</dateModified>
</layer>