<layer>
  <name>clientes_veaclub_2021</name>
  <id>LayerInfoImpl--3f723ce7:1897699f8cf:-601d</id>
  <type>VECTOR</type>
  <defaultStyle>
    <id>StyleInfoImpl--3f723ce7:1897699f8cf:-601c</id>
  </defaultStyle>
  <resource class="featureType">
    <id>FeatureTypeInfoImpl--3f723ce7:1897699f8cf:-601e</id>
  </resource>
  <attribution>
    <logoWidth>0</logoWidth>
    <logoHeight>0</logoHeight>
  </attribution>
  <dateCreated>2023-07-25 13:32:29.170 UTC</dateCreated>
  <dateModified>2023-08-09 15:03:18.877 UTC</dateModified>
</layer>