<?xml version="1.0" encoding="UTF-8"?><roleRegistry xmlns="http://www.geoserver.org/security/roles" version="1.0">
<roleList>
<role id="ADMIN"/>
<role id="GROUP_ADMIN"/>
<role id="WEBMAP"/>
<role id="WEBMAP_DESCARGA" parentID="ADMIN"/>
</roleList>
<userList>
<userRoles username="Pablo">
<roleRef roleID="WEBMAP"/>
</userRoles>
<userRoles username="Usuario_IC">
<roleRef roleID="WEBMAP"/>
</userRoles>
<userRoles username="admin">
<roleRef roleID="ADMIN"/>
<roleRef roleID="GROUP_ADMIN"/>
<roleRef roleID="WEBMAP"/>
</userRoles>
<userRoles username="brunom_ic">
<roleRef roleID="WEBMAP"/>
</userRoles>
<userRoles username="danielm_ic">
<roleRef roleID="ADMIN"/>
<roleRef roleID="GROUP_ADMIN"/>
<roleRef roleID="WEBMAP"/>
</userRoles>
<userRoles username="farmacias_peruanas">
<roleRef roleID="WEBMAP"/>
</userRoles>
<userRoles username="financiera_oh">
<roleRef roleID="WEBMAP"/>
</userRoles>
<userRoles username="frankc_ic">
<roleRef roleID="WEBMAP"/>
</userRoles>
<userRoles username="invitado">
<roleRef roleID="WEBMAP"/>
</userRoles>
<userRoles username="invitado_ic">
<roleRef roleID="WEBMAP"/>
</userRoles>
<userRoles username="jeisont_ic">
<roleRef roleID="ADMIN"/>
<roleRef roleID="GROUP_ADMIN"/>
<roleRef roleID="WEBMAP"/>
</userRoles>
<userRoles username="jessicas">
<roleRef roleID="WEBMAP"/>
</userRoles>
<userRoles username="jessicas_ic">
<roleRef roleID="WEBMAP"/>
</userRoles>
<userRoles username="kevinc_ic">
<roleRef roleID="WEBMAP"/>
<roleRef roleID="WEBMAP_DESCARGA"/>
</userRoles>
<userRoles username="lavictoria_lab">
<roleRef roleID="WEBMAP"/>
</userRoles>
<userRoles username="manuelm_ic">
<roleRef roleID="WEBMAP"/>
</userRoles>
<userRoles username="promart_user">
<roleRef roleID="WEBMAP"/>
</userRoles>
<userRoles username="silviag_ic">
<roleRef roleID="ADMIN"/>
<roleRef roleID="GROUP_ADMIN"/>
<roleRef roleID="WEBMAP"/>
</userRoles>
<userRoles username="user_ic">
<roleRef roleID="WEBMAP"/>
</userRoles>
<userRoles username="usuario_ecuador">
<roleRef roleID="WEBMAP"/>
</userRoles>
<userRoles username="vp_inmobiliaria">
<roleRef roleID="WEBMAP"/>
</userRoles>
</userList>
<groupList>
<groupRoles groupname="webmap">
<roleRef roleID="WEBMAP"/>
</groupRoles>
</groupList>
</roleRegistry>
