<layer>
  <name>subzonas_ngr</name>
  <id>LayerInfoImpl--3c4f6c8c:18a2feb6d9e:-7ff6</id>
  <type>VECTOR</type>
  <defaultStyle>
    <id>StyleInfoImpl--3f723ce7:1897699f8cf:-7f6f</id>
  </defaultStyle>
  <resource class="featureType">
    <id>FeatureTypeInfoImpl--3c4f6c8c:18a2feb6d9e:-7ff7</id>
  </resource>
  <attribution>
    <logoWidth>0</logoWidth>
    <logoHeight>0</logoHeight>
  </attribution>
  <dateCreated>2023-09-06 17:37:27.24 UTC</dateCreated>
  <dateModified>2023-09-06 17:39:38.145 UTC</dateModified>
</layer>