<layer>
  <name>cc_competencia</name>
  <id>LayerInfoImpl--3c4f6c8c:18a2feb6d9e:-7fd4</id>
  <type>VECTOR</type>
  <defaultStyle>
    <id>StyleInfoImpl--3c4f6c8c:18a2feb6d9e:-7fd3</id>
  </defaultStyle>
  <resource class="featureType">
    <id>FeatureTypeInfoImpl--3c4f6c8c:18a2feb6d9e:-7fd5</id>
  </resource>
  <attribution>
    <logoWidth>0</logoWidth>
    <logoHeight>0</logoHeight>
  </attribution>
  <dateCreated>2023-09-21 23:07:31.582 UTC</dateCreated>
  <dateModified>2024-05-14 20:33:16.176 UTC</dateModified>
</layer>