<layer>
  <name>sz_lima_mayorista</name>
  <id>LayerInfoImpl--3c4f6c8c:18af699fa81:2547</id>
  <type>VECTOR</type>
  <defaultStyle>
    <id>StyleInfoImpl--3c4f6c8c:18af699fa81:2548</id>
  </defaultStyle>
  <resource class="featureType">
    <id>FeatureTypeInfoImpl--3c4f6c8c:18af699fa81:2546</id>
  </resource>
  <attribution>
    <logoWidth>0</logoWidth>
    <logoHeight>0</logoHeight>
  </attribution>
  <dateCreated>2023-10-03 18:52:14.144 UTC</dateCreated>
  <dateModified>2023-10-03 18:56:55.82 UTC</dateModified>
</layer>