<layer>
  <name>grilla_trujillo_1km2</name>
  <id>LayerInfoImpl--4adc7d2e:18c1653fdf1:-2521</id>
  <type>VECTOR</type>
  <defaultStyle>
    <id>StyleInfoImpl--4adc7d2e:18c1653fdf1:-2520</id>
  </defaultStyle>
  <styles class="linked-hash-set">
    <style>
      <id>StyleInfoImpl--4adc7d2e:18c1653fdf1:-2520</id>
    </style>
  </styles>
  <resource class="featureType">
    <id>FeatureTypeInfoImpl--4adc7d2e:18c1653fdf1:-2522</id>
  </resource>
  <attribution>
    <logoWidth>0</logoWidth>
    <logoHeight>0</logoHeight>
  </attribution>
  <dateCreated>2023-11-29 14:42:10.478 UTC</dateCreated>
  <dateModified>2023-11-29 14:43:29.531 UTC</dateModified>
</layer>