<layer>
  <name>grilla_trujillo_5km2</name>
  <id>LayerInfoImpl--4adc7d2e:18c1653fdf1:-251a</id>
  <type>VECTOR</type>
  <defaultStyle>
    <id>StyleInfoImpl--4adc7d2e:18c1653fdf1:-2515</id>
  </defaultStyle>
  <styles class="linked-hash-set">
    <style>
      <id>StyleInfoImpl--4adc7d2e:18c1653fdf1:-2519</id>
    </style>
    <style>
      <id>StyleInfoImpl--4adc7d2e:18c1653fdf1:-2515</id>
    </style>
  </styles>
  <resource class="featureType">
    <id>FeatureTypeInfoImpl--4adc7d2e:18c1653fdf1:-251b</id>
  </resource>
  <attribution>
    <logoWidth>0</logoWidth>
    <logoHeight>0</logoHeight>
  </attribution>
  <dateCreated>2023-11-29 14:51:15.249 UTC</dateCreated>
  <dateModified>2023-11-29 14:55:49.217 UTC</dateModified>
</layer>