<featureType>
  <id>FeatureTypeInfoImpl--3c4f6c8c:18a2feb6d9e:-7fdc</id>
  <name>real_plaza</name>
  <nativeName>negocios_peru</nativeName>
  <namespace>
    <id>NamespaceInfoImpl--3f723ce7:1897699f8cf:-7ffb</id>
  </namespace>
  <title>real_plaza</title>
  <keywords>
    <string>features</string>
    <string>negocios_peru</string>
  </keywords>
  <nativeCRS>GEOGCS[&quot;WGS 84&quot;, 
  DATUM[&quot;World Geodetic System 1984&quot;, 
    SPHEROID[&quot;WGS 84&quot;, 6378137.0, 298.257223563, AUTHORITY[&quot;EPSG&quot;,&quot;7030&quot;]], 
    AUTHORITY[&quot;EPSG&quot;,&quot;6326&quot;]], 
  PRIMEM[&quot;Greenwich&quot;, 0.0, AUTHORITY[&quot;EPSG&quot;,&quot;8901&quot;]], 
  UNIT[&quot;degree&quot;, 0.017453292519943295], 
  AXIS[&quot;Geodetic longitude&quot;, EAST], 
  AXIS[&quot;Geodetic latitude&quot;, NORTH], 
  AUTHORITY[&quot;EPSG&quot;,&quot;4326&quot;]]</nativeCRS>
  <srs>EPSG:4326</srs>
  <nativeBoundingBox>
    <minx>-77.13905334472656</minx>
    <maxx>-76.91954803466797</maxx>
    <miny>-12.207545280456543</miny>
    <maxy>-11.894725799560547</maxy>
    <crs>EPSG:4326</crs>
  </nativeBoundingBox>
  <latLonBoundingBox>
    <minx>-77.13905334472656</minx>
    <maxx>-76.91954803466797</maxx>
    <miny>-12.207545280456543</miny>
    <maxy>-11.894725799560547</maxy>
  </latLonBoundingBox>
  <projectionPolicy>FORCE_DECLARED</projectionPolicy>
  <enabled>true</enabled>
  <metadata>
    <entry key="cachingEnabled">false</entry>
  </metadata>
  <store class="dataStore">
    <id>DataStoreInfoImpl--3f723ce7:1897699f8cf:-7fda</id>
  </store>
  <serviceConfiguration>false</serviceConfiguration>
  <simpleConversionEnabled>false</simpleConversionEnabled>
  <internationalTitle/>
  <internationalAbstract/>
  <cqlFilter>&quot;nombre&quot; = &apos;Real Plaza&apos;</cqlFilter>
  <maxFeatures>0</maxFeatures>
  <numDecimals>0</numDecimals>
  <padWithZeros>false</padWithZeros>
  <forcedDecimal>false</forcedDecimal>
  <attributes>
    <attribute>
      <name>geom</name>
      <minOccurs>0</minOccurs>
      <maxOccurs>1</maxOccurs>
      <nillable>true</nillable>
      <binding>org.locationtech.jts.geom.Point</binding>
    </attribute>
    <attribute>
      <name>id</name>
      <minOccurs>0</minOccurs>
      <maxOccurs>1</maxOccurs>
      <nillable>true</nillable>
      <binding>java.lang.Integer</binding>
    </attribute>
    <attribute>
      <name>objectid</name>
      <minOccurs>0</minOccurs>
      <maxOccurs>1</maxOccurs>
      <nillable>true</nillable>
      <binding>java.lang.Long</binding>
    </attribute>
    <attribute>
      <name>objectid_</name>
      <minOccurs>0</minOccurs>
      <maxOccurs>1</maxOccurs>
      <nillable>true</nillable>
      <binding>java.lang.Double</binding>
    </attribute>
    <attribute>
      <name>objectid__1</name>
      <minOccurs>0</minOccurs>
      <maxOccurs>1</maxOccurs>
      <nillable>true</nillable>
      <binding>java.lang.Double</binding>
    </attribute>
    <attribute>
      <name>cod_unico</name>
      <minOccurs>0</minOccurs>
      <maxOccurs>1</maxOccurs>
      <nillable>true</nillable>
      <binding>java.lang.String</binding>
    </attribute>
    <attribute>
      <name>nombre</name>
      <minOccurs>0</minOccurs>
      <maxOccurs>1</maxOccurs>
      <nillable>true</nillable>
      <binding>java.lang.String</binding>
    </attribute>
    <attribute>
      <name>nombre_de_la_tienda</name>
      <minOccurs>0</minOccurs>
      <maxOccurs>1</maxOccurs>
      <nillable>true</nillable>
      <binding>java.lang.String</binding>
    </attribute>
    <attribute>
      <name>ciudad</name>
      <minOccurs>0</minOccurs>
      <maxOccurs>1</maxOccurs>
      <nillable>true</nillable>
      <binding>java.lang.String</binding>
    </attribute>
    <attribute>
      <name>estado</name>
      <minOccurs>0</minOccurs>
      <maxOccurs>1</maxOccurs>
      <nillable>true</nillable>
      <binding>java.lang.String</binding>
    </attribute>
    <attribute>
      <name>gla</name>
      <minOccurs>0</minOccurs>
      <maxOccurs>1</maxOccurs>
      <nillable>true</nillable>
      <binding>java.lang.Double</binding>
    </attribute>
    <attribute>
      <name>ciudad_sz</name>
      <minOccurs>0</minOccurs>
      <maxOccurs>1</maxOccurs>
      <nillable>true</nillable>
      <binding>java.lang.String</binding>
    </attribute>
    <attribute>
      <name>vt_2023</name>
      <minOccurs>0</minOccurs>
      <maxOccurs>1</maxOccurs>
      <nillable>true</nillable>
      <binding>java.lang.Double</binding>
    </attribute>
    <attribute>
      <name>peso</name>
      <minOccurs>0</minOccurs>
      <maxOccurs>1</maxOccurs>
      <nillable>true</nillable>
      <binding>java.lang.Double</binding>
    </attribute>
    <attribute>
      <name>sz_no</name>
      <minOccurs>0</minOccurs>
      <maxOccurs>1</maxOccurs>
      <nillable>true</nillable>
      <binding>java.lang.String</binding>
    </attribute>
    <attribute>
      <name>dist_dem</name>
      <minOccurs>0</minOccurs>
      <maxOccurs>1</maxOccurs>
      <nillable>true</nillable>
      <binding>java.lang.Long</binding>
    </attribute>
    <attribute>
      <name>img</name>
      <minOccurs>0</minOccurs>
      <maxOccurs>0</maxOccurs>
      <binding>java.lang.String</binding>
    </attribute>
  </attributes>
  <overridingServiceSRS>false</overridingServiceSRS>
  <skipNumberMatched>false</skipNumberMatched>
  <circularArcPresent>false</circularArcPresent>
</featureType>