<layer>
  <name>competencia_spsa</name>
  <id>LayerInfoImpl--3f723ce7:1897699f8cf:-5fa9</id>
  <type>VECTOR</type>
  <defaultStyle>
    <id>StyleInfoImpl--3f723ce7:1897699f8cf:-618f</id>
  </defaultStyle>
  <resource class="featureType">
    <id>FeatureTypeInfoImpl--3f723ce7:1897699f8cf:-5faa</id>
  </resource>
  <attribution>
    <logoWidth>0</logoWidth>
    <logoHeight>0</logoHeight>
  </attribution>
  <dateCreated>2023-08-04 21:14:56.427 UTC</dateCreated>
  <dateModified>2024-03-13 16:45:50.351 UTC</dateModified>
</layer>