<featureType>
  <id>FeatureTypeInfoImpl--3c4f6c8c:18b4a015898:d76</id>
  <name>near_pm</name>
  <nativeName>near_pm</nativeName>
  <namespace>
    <id>NamespaceInfoImpl--3f723ce7:1897699f8cf:-7ffb</id>
  </namespace>
  <title>near_pm</title>
  <keywords>
    <string>features</string>
    <string>near_pm</string>
  </keywords>
  <nativeCRS>GEOGCS[&quot;WGS 84&quot;, 
  DATUM[&quot;World Geodetic System 1984&quot;, 
    SPHEROID[&quot;WGS 84&quot;, 6378137.0, 298.257223563, AUTHORITY[&quot;EPSG&quot;,&quot;7030&quot;]], 
    AUTHORITY[&quot;EPSG&quot;,&quot;6326&quot;]], 
  PRIMEM[&quot;Greenwich&quot;, 0.0, AUTHORITY[&quot;EPSG&quot;,&quot;8901&quot;]], 
  UNIT[&quot;degree&quot;, 0.017453292519943295], 
  AXIS[&quot;Geodetic longitude&quot;, EAST], 
  AXIS[&quot;Geodetic latitude&quot;, NORTH], 
  AUTHORITY[&quot;EPSG&quot;,&quot;4326&quot;]]</nativeCRS>
  <srs>EPSG:4326</srs>
  <nativeBoundingBox>
    <minx>-77.19866573099716</minx>
    <maxx>-76.62470496500438</maxx>
    <miny>-12.481073529091873</miny>
    <maxy>-11.69911411949989</maxy>
  </nativeBoundingBox>
  <latLonBoundingBox>
    <minx>-77.19866573099716</minx>
    <maxx>-76.62470496500438</maxx>
    <miny>-12.481073529091873</miny>
    <maxy>-11.69911411949989</maxy>
  </latLonBoundingBox>
  <projectionPolicy>FORCE_DECLARED</projectionPolicy>
  <enabled>true</enabled>
  <metadata>
    <entry key="cachingEnabled">false</entry>
  </metadata>
  <store class="dataStore">
    <id>DataStoreInfoImpl--3f723ce7:1897699f8cf:-5e7f</id>
  </store>
  <serviceConfiguration>false</serviceConfiguration>
  <simpleConversionEnabled>false</simpleConversionEnabled>
  <internationalTitle/>
  <internationalAbstract/>
  <maxFeatures>0</maxFeatures>
  <numDecimals>0</numDecimals>
  <padWithZeros>false</padWithZeros>
  <forcedDecimal>false</forcedDecimal>
  <overridingServiceSRS>false</overridingServiceSRS>
  <skipNumberMatched>false</skipNumberMatched>
  <circularArcPresent>false</circularArcPresent>
</featureType>