<layer>
  <name>negocios_peru</name>
  <id>LayerInfoImpl--3c4f6c8c:18b2496ffda:3817</id>
  <type>VECTOR</type>
  <defaultStyle>
    <id>StyleInfoImpl--3f723ce7:1897699f8cf:-7fd6</id>
  </defaultStyle>
  <styles class="linked-hash-set">
    <style>
      <id>StyleInfoImpl--3f723ce7:1897699f8cf:-7fd6</id>
    </style>
  </styles>
  <resource class="featureType">
    <id>FeatureTypeInfoImpl--3c4f6c8c:18b2496ffda:3816</id>
  </resource>
  <attribution>
    <logoWidth>0</logoWidth>
    <logoHeight>0</logoHeight>
  </attribution>
  <dateCreated>2023-10-12 18:02:45.628 UTC</dateCreated>
  <dateModified>2024-03-13 16:43:31.353 UTC</dateModified>
</layer>