<featureType>
  <id>FeatureTypeInfoImpl-4a355e16:189fcfdb5bf:-7f8b</id>
  <name>clientes_pm1923</name>
  <nativeName>clientes_pm1923</nativeName>
  <namespace>
    <id>NamespaceInfoImpl--3f723ce7:1897699f8cf:-7ffb</id>
  </namespace>
  <title>clientes_pm1923</title>
  <keywords>
    <string>features</string>
    <string>clientes_pm1923</string>
  </keywords>
  <nativeCRS>GEOGCS[&quot;WGS 84&quot;, 
  DATUM[&quot;World Geodetic System 1984&quot;, 
    SPHEROID[&quot;WGS 84&quot;, 6378137.0, 298.257223563, AUTHORITY[&quot;EPSG&quot;,&quot;7030&quot;]], 
    AUTHORITY[&quot;EPSG&quot;,&quot;6326&quot;]], 
  PRIMEM[&quot;Greenwich&quot;, 0.0, AUTHORITY[&quot;EPSG&quot;,&quot;8901&quot;]], 
  UNIT[&quot;degree&quot;, 0.017453292519943295], 
  AXIS[&quot;Geodetic longitude&quot;, EAST], 
  AXIS[&quot;Geodetic latitude&quot;, NORTH], 
  AUTHORITY[&quot;EPSG&quot;,&quot;4326&quot;]]</nativeCRS>
  <srs>EPSG:4326</srs>
  <nativeBoundingBox>
    <minx>-77.14703369140625</minx>
    <maxx>-76.67172241210938</maxx>
    <miny>-12.322577476501465</miny>
    <maxy>-11.832978248596191</maxy>
    <crs>EPSG:4326</crs>
  </nativeBoundingBox>
  <latLonBoundingBox>
    <minx>-77.14703369140625</minx>
    <maxx>-76.67172241210938</maxx>
    <miny>-12.322577476501465</miny>
    <maxy>-11.832978248596191</maxy>
    <crs>EPSG:4326</crs>
  </latLonBoundingBox>
  <projectionPolicy>FORCE_DECLARED</projectionPolicy>
  <enabled>true</enabled>
  <metadata>
    <entry key="cachingEnabled">false</entry>
  </metadata>
  <store class="dataStore">
    <id>DataStoreInfoImpl--3f723ce7:1897699f8cf:-5e7f</id>
  </store>
  <serviceConfiguration>false</serviceConfiguration>
  <simpleConversionEnabled>false</simpleConversionEnabled>
  <internationalTitle/>
  <internationalAbstract/>
  <cqlFilter>&quot;place_description&quot; IN (&apos;BRASIL&apos;,&apos;SAN MIGUEL&apos;,&apos;SMP&apos;,&apos;PRO&apos;) AND &quot;georef_ok&quot; = 1 AND &quot;formato&quot; = &apos;Promart-2023&apos;</cqlFilter>
  <maxFeatures>0</maxFeatures>
  <numDecimals>0</numDecimals>
  <padWithZeros>false</padWithZeros>
  <forcedDecimal>false</forcedDecimal>
  <overridingServiceSRS>false</overridingServiceSRS>
  <skipNumberMatched>false</skipNumberMatched>
  <circularArcPresent>false</circularArcPresent>
</featureType>