<layer>
  <name>clientes_pm1923</name>
  <id>LayerInfoImpl-4a355e16:189fcfdb5bf:-7f8a</id>
  <type>VECTOR</type>
  <defaultStyle>
    <id>StyleInfoImpl-4a355e16:189fcfdb5bf:-7f89</id>
  </defaultStyle>
  <resource class="featureType">
    <id>FeatureTypeInfoImpl-4a355e16:189fcfdb5bf:-7f8b</id>
  </resource>
  <attribution>
    <logoWidth>0</logoWidth>
    <logoHeight>0</logoHeight>
  </attribution>
  <dateCreated>2023-08-22 20:57:25.253 UTC</dateCreated>
  <dateModified>2023-08-22 21:04:49.239 UTC</dateModified>
</layer>