<?xml version="1.0" encoding="UTF-8"?><userRegistry xmlns="http://www.geoserver.org/security/users" version="1.0">
<users>
<user enabled="true" name="Pablo" password="digest1:QIJTj5lotr1kH/E94oOt1vgjNNbRgV3Sl6wJdlv2iLkKAZaR9o2WGIfgjINkfbuP"/>
<user enabled="true" name="admin" password="crypt1:QH50EStI4pCVrq+M6GI9qVfK7vCzP0IB"/>
<user enabled="true" name="danielm_ic" password="digest1:iThO4VkeOf3MGzAbcGFcSZBXAE/36sKRdrirVPN++0eibFW3moUnSoDDzGqLR58D"/>
<user enabled="true" name="farmacias_peruanas" password="digest1:yfU0T6fhWG1C3PKyZC+DTPoxqlt/Ke6Og4kehUmzLU74lTnBpCxUnpjrtMDUCCMA"/>
<user enabled="true" name="financiera_oh" password="digest1:UfHxxdnr3FmFO0HdrWdgrkdHk36oCKB4xJojD6gAqYoxDdlnqZVM5eIvKJbYJ2d+"/>
<user enabled="true" name="frankc_ic" password="digest1:JJydm6KpWl8NU8A2s9glyEOY9L+T4MkqeQfmABkRJOXXAGLYZSJ4AIoFQyPH8Bk+"/>
<user enabled="true" name="invitado" password="digest1:8U6ywhdrjQSHM2P+Ep1whDM0sJkg7jtE8a+1qC/IWvURn18nNrNq4wWGJ5xwhv2P"/>
<user enabled="true" name="invitado_ic" password="digest1:QO4qjp0LlR/zQvXOn2yg6HjQFdh0nlsTztOAnTuE59MRnQVEhuBNxUleoH51jXK9"/>
<user enabled="true" name="jeisont_ic" password="digest1:xnFaRmgoNEG9kgkf1extZatguD4eTG1IDkzwwoOjzVgN3HwTCudLYa0Fog7wd2t9"/>
<user enabled="true" name="jessicas_ic" password="digest1:EE0skuKkmMNpL0JtnovlU0/G3Pod9Da9TsI+JFUNxIX4MxyMNSROlg3RJroMclo1"/>
<user enabled="true" name="kevinc_ic" password="digest1:DZmBa4zdGp9qsAwTW8Saxxc7faQyS8PEPPpCbQGktTBAnqw9bCP0YX51ll2mTu9H"/>
<user enabled="true" name="lavictoria_lab" password="digest1:91+/G7miH3c1x9OsGRpnHlpmOoorK25hcUk/gUd9rPX6xpc9NzTMiJBkbmL9fzrW"/>
<user enabled="true" name="manuelm_ic" password="digest1:WjlQ3AWPJoesQlvb9Mrm3aRGmIEFUg7dabbwWom0nV/f6P+I3p281JheKPgqXPte"/>
<user enabled="true" name="promart_user" password="digest1:JhlGQ/2vaoja8e9q7SkSPfYmrzn05jNyfAe9JoKnMQNeiOLrR1q7oe4ChcBjasfq"/>
<user enabled="true" name="silviag_ic" password="digest1:KZguPxcKPBEl0112Lwe7jCL2Lutl95zB7lYqPASvpapDFTwPb2g6q1SNVoiJmB+n"/>
<user enabled="true" name="usuario_ecuador" password="digest1:Qp0zErv19mE/bkflCZ/9bVpcahV6/xYcC1w6TIlUuOCE93paYV2xjDEj6u3l4TAe"/>
<user enabled="true" name="vp_inmobiliaria" password="digest1:EZhXwT0tKL4JNdT/iniDYmbnyXUrYzJ1VJQ+MHLSy5DPoZaZtS0vI+THXt6b8WNe"/>
</users>
<groups/>
</userRegistry>
