<layer>
  <name>devices_standar_rp</name>
  <id>LayerInfoImpl--7c6dc86e:19015066c3d:-655a</id>
  <type>VECTOR</type>
  <defaultStyle>
    <id>StyleInfoImpl--7c6dc86e:19015066c3d:-6559</id>
  </defaultStyle>
  <resource class="featureType">
    <id>FeatureTypeInfoImpl--7c6dc86e:19015066c3d:-655b</id>
  </resource>
  <attribution>
    <logoWidth>0</logoWidth>
    <logoHeight>0</logoHeight>
  </attribution>
  <dateCreated>2024-06-14 04:48:57.709 UTC</dateCreated>
  <dateModified>2024-06-14 04:50:55.395 UTC</dateModified>
</layer>