<layer>
  <name>distritos</name>
  <id>LayerInfoImpl--3c4f6c8c:18b01189564:5f2c</id>
  <type>VECTOR</type>
  <defaultStyle>
    <id>StyleInfoImpl-7d28849e:18d89a5cac6:-2faf</id>
  </defaultStyle>
  <resource class="featureType">
    <id>FeatureTypeInfoImpl--3c4f6c8c:18b01189564:5f2b</id>
  </resource>
  <attribution>
    <logoWidth>0</logoWidth>
    <logoHeight>0</logoHeight>
  </attribution>
  <dateCreated>2023-10-09 16:23:12.913 UTC</dateCreated>
  <dateModified>2024-05-17 17:10:55.700 UTC</dateModified>
</layer>