<layer>
  <name>Competencia_Supermercados</name>
  <id>LayerInfoImpl--3c4f6c8c:18b2521df64:-704d</id>
  <type>VECTOR</type>
  <defaultStyle>
    <id>StyleInfoImpl--3f723ce7:1897699f8cf:-618f</id>
  </defaultStyle>
  <resource class="featureType">
    <id>FeatureTypeInfoImpl--3c4f6c8c:18b2521df64:-704e</id>
  </resource>
  <attribution>
    <logoWidth>0</logoWidth>
    <logoHeight>0</logoHeight>
  </attribution>
  <dateCreated>2023-10-12 20:00:08.428 UTC</dateCreated>
  <dateModified>2024-03-13 16:48:24.414 UTC</dateModified>
</layer>