<layer>
  <name>clientes_promart2022</name>
  <id>LayerInfoImpl--3f723ce7:1897699f8cf:-5e77</id>
  <type>VECTOR</type>
  <defaultStyle>
    <id>StyleInfoImpl--3f723ce7:1897699f8cf:-5e76</id>
  </defaultStyle>
  <resource class="featureType">
    <id>FeatureTypeInfoImpl--3f723ce7:1897699f8cf:-5e78</id>
  </resource>
  <attribution>
    <logoWidth>0</logoWidth>
    <logoHeight>0</logoHeight>
  </attribution>
  <dateCreated>2023-08-09 14:38:28.883 UTC</dateCreated>
  <dateModified>2023-08-09 14:40:14.169 UTC</dateModified>
</layer>