<gwcJdbcConfiguration>
  <dialect>PostgreSQL</dialect>
  <connectionPool>
    <driver>org.postgresql.Driver</driver>
    <url>jdbc:postgresql://45.55.196.81:5432/quota</url>
    <username>quota</username>
    <password>crypt1:xkTbPg7J5kYNm5t7UwVDFtazzBQe4FgN</password>
    <minConnections>1</minConnections>
    <maxConnections>20</maxConnections>
    <connectionTimeout>10000</connectionTimeout>
    <maxOpenPreparedStatements>50</maxOpenPreparedStatements>
  </connectionPool>
</gwcJdbcConfiguration>