<layerGroup>
  <id>LayerGroupInfoImpl--23b4a38d:18da96cc2fe:-ce5</id>
  <name>Mercados</name>
  <mode>SINGLE</mode>
  <title>Mercados</title>
  <workspace>
    <id>WorkspaceInfoImpl--3f723ce7:1897699f8cf:-7ffc</id>
  </workspace>
  <internationalTitle/>
  <internationalAbstract/>
  <publishables>
    <published type="layer">
      <id>LayerInfoImpl--23b4a38d:18da96cc2fe:-cee</id>
    </published>
    <published type="layer">
      <id>LayerInfoImpl--23b4a38d:18da96cc2fe:-cec</id>
    </published>
    <published type="layer">
      <id>LayerInfoImpl--23b4a38d:18da96cc2fe:-cea</id>
    </published>
    <published type="layer">
      <id>LayerInfoImpl--23b4a38d:18da96cc2fe:-ce8</id>
    </published>
  </publishables>
  <styles>
    <style>
      <id>StyleInfoImpl-3f872e20:189764417c9:-8000</id>
    </style>
    <style>
      <id>StyleInfoImpl-3f872e20:189764417c9:-8000</id>
    </style>
    <style>
      <id>StyleInfoImpl-3f872e20:189764417c9:-8000</id>
    </style>
    <style>
      <id>StyleInfoImpl-3f872e20:189764417c9:-8000</id>
    </style>
  </styles>
  <bounds>
    <minx>-77.18525695800781</minx>
    <maxx>-76.66182708740234</maxx>
    <miny>-12.413053512573242</miny>
    <maxy>-11.764452934265137</maxy>
    <crs>EPSG:4326</crs>
  </bounds>
  <dateCreated>2024-02-15 23:58:51.985 UTC</dateCreated>
  <dateModified>2024-02-16 14:12:49.648 UTC</dateModified>
</layerGroup>