<layer>
  <name>ta_pm_sz</name>
  <id>LayerInfoImpl-4a355e16:18a1f2524d2:2862</id>
  <type>VECTOR</type>
  <defaultStyle>
    <id>StyleInfoImpl-4a355e16:18a1f2524d2:2863</id>
  </defaultStyle>
  <resource class="featureType">
    <id>FeatureTypeInfoImpl-4a355e16:18a1f2524d2:2861</id>
  </resource>
  <attribution>
    <logoWidth>0</logoWidth>
    <logoHeight>0</logoHeight>
  </attribution>
  <dateCreated>2023-08-22 21:48:48.724 UTC</dateCreated>
  <dateModified>2024-01-09 00:37:26.324 UTC</dateModified>
</layer>