<layer>
  <name>bodegas4</name>
  <id>LayerInfoImpl--23b4a38d:18da96cc2fe:-cad</id>
  <type>VECTOR</type>
  <defaultStyle>
    <id>StyleInfoImpl-7d28849e:18d89a5cac6:-2cdd</id>
  </defaultStyle>
  <resource class="featureType">
    <id>FeatureTypeInfoImpl--23b4a38d:18da96cc2fe:-cae</id>
  </resource>
  <attribution>
    <logoWidth>0</logoWidth>
    <logoHeight>0</logoHeight>
  </attribution>
  <dateCreated>2024-02-16 01:08:47.462 UTC</dateCreated>
  <dateModified>2024-02-17 16:49:29.922 UTC</dateModified>
</layer>