<layer>
  <name>clientes_pm_20_23_lima_corr</name>
  <id>LayerInfoImpl--3c4f6c8c:18ade4fb03f:12ad</id>
  <type>VECTOR</type>
  <defaultStyle>
    <id>StyleInfoImpl-4a355e16:189fcfdb5bf:-7f89</id>
  </defaultStyle>
  <resource class="featureType">
    <id>FeatureTypeInfoImpl--3c4f6c8c:18ade4fb03f:12ac</id>
  </resource>
  <attribution>
    <logoWidth>0</logoWidth>
    <logoHeight>0</logoHeight>
  </attribution>
  <dateCreated>2023-10-03 17:28:21.381 UTC</dateCreated>
  <dateModified>2023-10-03 17:32:38.853 UTC</dateModified>
</layer>