<layer>
  <name>manzanas_industriales</name>
  <id>LayerInfoImpl--3f723ce7:1897699f8cf:-7fe6</id>
  <type>VECTOR</type>
  <defaultStyle>
    <id>StyleInfoImpl--3f723ce7:1897699f8cf:-7fe5</id>
  </defaultStyle>
  <resource class="featureType">
    <id>FeatureTypeInfoImpl--3f723ce7:1897699f8cf:-7fe7</id>
  </resource>
  <attribution>
    <logoWidth>0</logoWidth>
    <logoHeight>0</logoHeight>
  </attribution>
  <dateCreated>2023-07-21 14:15:08.600 UTC</dateCreated>
  <dateModified>2024-02-15 23:24:16.825 UTC</dateModified>
</layer>