<layer>
  <name>estrellas_pv</name>
  <id>LayerInfoImpl--7e41e18e:18c4c6dc312:2ed9</id>
  <type>VECTOR</type>
  <defaultStyle>
    <id>StyleInfoImpl--7e41e18e:18c4c6dc312:2eda</id>
  </defaultStyle>
  <resource class="featureType">
    <id>FeatureTypeInfoImpl--7e41e18e:18c4c6dc312:2ed8</id>
  </resource>
  <attribution>
    <logoWidth>0</logoWidth>
    <logoHeight>0</logoHeight>
  </attribution>
  <dateCreated>2023-12-12 04:52:39.205 UTC</dateCreated>
  <dateModified>2023-12-12 04:53:36.435 UTC</dateModified>
</layer>