<layer>
  <name>ciudades_manzanas</name>
  <id>LayerInfoImpl-36475f01:18f81eba574:-680b</id>
  <type>VECTOR</type>
  <defaultStyle>
    <id>StyleInfoImpl-3f872e20:189764417c9:-7ffc</id>
  </defaultStyle>
  <resource class="featureType">
    <id>FeatureTypeInfoImpl-36475f01:18f81eba574:-680c</id>
  </resource>
  <attribution>
    <logoWidth>0</logoWidth>
    <logoHeight>0</logoHeight>
  </attribution>
  <dateCreated>2024-05-16 16:28:35.725 UTC</dateCreated>
  <dateModified>2024-05-16 16:46:11.886 UTC</dateModified>
</layer>