<layer>
  <name>competencia_homecenter</name>
  <id>LayerInfoImpl--3c4f6c8c:18b2521df64:-1dde</id>
  <type>VECTOR</type>
  <defaultStyle>
    <id>StyleInfoImpl--3f723ce7:1897699f8cf:-5e86</id>
  </defaultStyle>
  <styles class="linked-hash-set">
    <style>
      <id>StyleInfoImpl--3f723ce7:1897699f8cf:-5e86</id>
    </style>
  </styles>
  <resource class="featureType">
    <id>FeatureTypeInfoImpl--3c4f6c8c:18b2521df64:-1ddf</id>
  </resource>
  <attribution>
    <logoWidth>0</logoWidth>
    <logoHeight>0</logoHeight>
  </attribution>
  <dateCreated>2023-10-12 20:48:30.616 UTC</dateCreated>
  <dateModified>2023-10-12 20:52:31.237 UTC</dateModified>
</layer>