<layer>
  <name>pm</name>
  <id>LayerInfoImpl--3f723ce7:1897699f8cf:-5e90</id>
  <type>VECTOR</type>
  <defaultStyle>
    <id>StyleInfoImpl--3f723ce7:1897699f8cf:-5e8f</id>
  </defaultStyle>
  <resource class="featureType">
    <id>FeatureTypeInfoImpl--3f723ce7:1897699f8cf:-5e91</id>
  </resource>
  <attribution>
    <logoWidth>0</logoWidth>
    <logoHeight>0</logoHeight>
  </attribution>
  <dateCreated>2023-08-07 17:50:53.598 UTC</dateCreated>
  <dateModified>2023-08-23 13:54:37.484 UTC</dateModified>
</layer>