<layer>
  <name>clientes_vea_2023_trujillo_mansiche___pvs</name>
  <id>LayerInfoImpl--1b092d2f:18f833b0d71:-5e3c</id>
  <type>VECTOR</type>
  <defaultStyle>
    <id>StyleInfoImpl-36475f01:18f2a9daeb3:6018</id>
  </defaultStyle>
  <resource class="featureType">
    <id>FeatureTypeInfoImpl--1b092d2f:18f833b0d71:-5e3d</id>
  </resource>
  <attribution>
    <logoWidth>0</logoWidth>
    <logoHeight>0</logoHeight>
  </attribution>
  <dateCreated>2024-05-17 22:23:50.428 UTC</dateCreated>
  <dateModified>2024-05-17 22:44:39.439 UTC</dateModified>
</layer>