<layer>
  <name>corredores</name>
  <id>LayerInfoImpl--3f723ce7:1897699f8cf:-604f</id>
  <type>VECTOR</type>
  <defaultStyle>
    <id>StyleInfoImpl--3f723ce7:1897699f8cf:-604e</id>
  </defaultStyle>
  <resource class="featureType">
    <id>FeatureTypeInfoImpl--3f723ce7:1897699f8cf:-6050</id>
  </resource>
  <attribution>
    <logoWidth>0</logoWidth>
    <logoHeight>0</logoHeight>
  </attribution>
  <dateCreated>2023-07-24 22:31:26.808 UTC</dateCreated>
  <dateModified>2023-07-24 22:34:16.66 UTC</dateModified>
</layer>