<layer>
  <name>near_home_2023</name>
  <id>LayerInfoImpl--7e41e18e:18cb09501d5:fad</id>
  <type>VECTOR</type>
  <defaultStyle>
    <id>StyleInfoImpl--7e41e18e:18cd04a3000:276d</id>
  </defaultStyle>
  <resource class="featureType">
    <id>FeatureTypeInfoImpl--7e41e18e:18cb09501d5:fac</id>
  </resource>
  <attribution>
    <logoWidth>0</logoWidth>
    <logoHeight>0</logoHeight>
  </attribution>
  <dateCreated>2024-01-02 18:23:26.495 UTC</dateCreated>
  <dateModified>2024-01-16 16:30:43.694 UTC</dateModified>
</layer>