<layer>
  <name>grilla_piura_3km2</name>
  <id>LayerInfoImpl-4e300915:18c4464fde7:-1d6c</id>
  <type>VECTOR</type>
  <defaultStyle>
    <id>StyleInfoImpl--4adc7d2e:18c1653fdf1:-2519</id>
  </defaultStyle>
  <resource class="featureType">
    <id>FeatureTypeInfoImpl-4e300915:18c4464fde7:-1d6d</id>
  </resource>
  <attribution>
    <logoWidth>0</logoWidth>
    <logoHeight>0</logoHeight>
  </attribution>
  <dateCreated>2023-12-07 13:23:34.938 UTC</dateCreated>
  <dateModified>2023-12-07 13:37:03.77 UTC</dateModified>
</layer>