<layer>
  <name>tiendas_mass</name>
  <id>LayerInfoImpl-7d28849e:18d89a5cac6:-c36</id>
  <type>VECTOR</type>
  <defaultStyle>
    <id>StyleInfoImpl-4e300915:18c3be7532c:3c82</id>
  </defaultStyle>
  <resource class="featureType">
    <id>FeatureTypeInfoImpl-7d28849e:18d89a5cac6:-c37</id>
  </resource>
  <attribution>
    <logoWidth>0</logoWidth>
    <logoHeight>0</logoHeight>
  </attribution>
  <dateCreated>2024-02-13 15:10:32.451 UTC</dateCreated>
  <dateModified>2024-02-16 04:51:19.855 UTC</dateModified>
</layer>