<layer>
  <name>mdo_20_50</name>
  <id>LayerInfoImpl--23b4a38d:18da96cc2fe:-cee</id>
  <type>VECTOR</type>
  <defaultStyle>
    <id>StyleInfoImpl--23b4a38d:18da96cc2fe:-cf4</id>
  </defaultStyle>
  <resource class="featureType">
    <id>FeatureTypeInfoImpl--23b4a38d:18da96cc2fe:-cef</id>
  </resource>
  <attribution>
    <logoWidth>0</logoWidth>
    <logoHeight>0</logoHeight>
  </attribution>
  <dateCreated>2024-02-15 23:51:55.713 UTC</dateCreated>
  <dateModified>2024-02-17 16:44:48.391 UTC</dateModified>
</layer>