<layer>
  <name>competencia_mass</name>
  <id>LayerInfoImpl--7c6dc86e:1906ede15c4:-41e5</id>
  <type>VECTOR</type>
  <defaultStyle>
    <id>StyleInfoImpl--7c6dc86e:1906ede15c4:-41e4</id>
  </defaultStyle>
  <resource class="featureType">
    <id>FeatureTypeInfoImpl--7c6dc86e:1906ede15c4:-41e6</id>
  </resource>
  <attribution>
    <logoWidth>0</logoWidth>
    <logoHeight>0</logoHeight>
  </attribution>
  <dateCreated>2024-07-01 22:51:14.468 UTC</dateCreated>
  <dateModified>2024-07-01 23:20:47.151 UTC</dateModified>
</layer>