<layer>
  <name>SPSA</name>
  <id>LayerInfoImpl--3f723ce7:1897699f8cf:-7fd8</id>
  <type>VECTOR</type>
  <defaultStyle>
    <id>StyleInfoImpl--3f723ce7:1897699f8cf:-7fd6</id>
  </defaultStyle>
  <resource class="featureType">
    <id>FeatureTypeInfoImpl--3f723ce7:1897699f8cf:-7fd9</id>
  </resource>
  <attribution>
    <logoWidth>0</logoWidth>
    <logoHeight>0</logoHeight>
  </attribution>
  <dateCreated>2023-07-21 14:23:10.226 UTC</dateCreated>
  <dateModified>2024-02-07 22:25:56.15 UTC</dateModified>
</layer>