<layer>
  <name>ta_promart_sz_analisis_web</name>
  <id>LayerInfoImpl-36475f01:18e194dd5a1:-72b2</id>
  <type>VECTOR</type>
  <defaultStyle>
    <id>StyleInfoImpl-36475f01:18e194dd5a1:-72b1</id>
  </defaultStyle>
  <resource class="featureType">
    <id>FeatureTypeInfoImpl-36475f01:18e194dd5a1:-72b3</id>
  </resource>
  <attribution>
    <logoWidth>0</logoWidth>
    <logoHeight>0</logoHeight>
  </attribution>
  <dateCreated>2024-03-08 18:35:34.312 UTC</dateCreated>
  <dateModified>2024-04-03 15:35:53.232 UTC</dateModified>
</layer>