<layer>
  <name>mz_industriales_guayaquil</name>
  <id>LayerInfoImpl--7e41e18e:18c89165b09:266b</id>
  <type>VECTOR</type>
  <defaultStyle>
    <id>StyleInfoImpl--3f723ce7:1897699f8cf:-7fe5</id>
  </defaultStyle>
  <resource class="featureType">
    <id>FeatureTypeInfoImpl--7e41e18e:18c89165b09:266a</id>
  </resource>
  <attribution>
    <logoWidth>0</logoWidth>
    <logoHeight>0</logoHeight>
  </attribution>
  <dateCreated>2023-12-21 16:29:31.27 UTC</dateCreated>
  <dateModified>2023-12-21 16:32:48.70 UTC</dateModified>
</layer>