<layer>
  <name>grillas_almacenes_guru</name>
  <id>LayerInfoImpl--3c4f6c8c:18b01189564:7f2d</id>
  <type>VECTOR</type>
  <defaultStyle>
    <id>StyleInfoImpl--3c4f6c8c:18b01189564:7f3e</id>
  </defaultStyle>
  <styles class="linked-hash-set">
    <style>
      <id>StyleInfoImpl--3c4f6c8c:18b01189564:7f40</id>
    </style>
    <style>
      <id>StyleInfoImpl--3c4f6c8c:18b01189564:7f3d</id>
    </style>
    <style>
      <id>StyleInfoImpl--3c4f6c8c:18b01189564:7f3f</id>
    </style>
    <style>
      <id>StyleInfoImpl--3c4f6c8c:18b01189564:7f3e</id>
    </style>
  </styles>
  <resource class="featureType">
    <id>FeatureTypeInfoImpl--3c4f6c8c:18b01189564:7f2c</id>
  </resource>
  <attribution>
    <logoWidth>0</logoWidth>
    <logoHeight>0</logoHeight>
  </attribution>
  <dateCreated>2023-10-09 20:04:49.859 UTC</dateCreated>
  <dateModified>2023-10-09 20:47:47.775 UTC</dateModified>
</layer>