<layer>
  <name>transporte_publico</name>
  <id>LayerInfoImpl--3f723ce7:1897699f8cf:-6054</id>
  <type>VECTOR</type>
  <defaultStyle>
    <id>StyleInfoImpl--3f723ce7:1897699f8cf:-6065</id>
  </defaultStyle>
  <resource class="featureType">
    <id>FeatureTypeInfoImpl--3f723ce7:1897699f8cf:-6055</id>
  </resource>
  <attribution>
    <logoWidth>0</logoWidth>
    <logoHeight>0</logoHeight>
  </attribution>
  <dateCreated>2023-07-24 22:27:55.386 UTC</dateCreated>
  <dateModified>2023-07-24 22:29:24.71 UTC</dateModified>
</layer>