<layer>
  <name>clientes_vea_2023_la_victoria_pvs</name>
  <id>LayerInfoImpl--1b092d2f:18f833b0d71:-5e92</id>
  <type>VECTOR</type>
  <defaultStyle>
    <id>StyleInfoImpl-36475f01:18f2a9daeb3:6018</id>
  </defaultStyle>
  <resource class="featureType">
    <id>FeatureTypeInfoImpl--1b092d2f:18f833b0d71:-5e93</id>
  </resource>
  <attribution>
    <logoWidth>0</logoWidth>
    <logoHeight>0</logoHeight>
  </attribution>
  <dateCreated>2024-05-17 21:27:10.163 UTC</dateCreated>
  <dateModified>2024-05-17 22:44:02.816 UTC</dateModified>
</layer>