<layer>
  <name>gastos_peru</name>
  <id>LayerInfoImpl--3c4f6c8c:18b16e8956c:-1b9b</id>
  <type>VECTOR</type>
  <defaultStyle>
    <id>StyleInfoImpl-3f872e20:189764417c9:-8000</id>
  </defaultStyle>
  <resource class="featureType">
    <id>FeatureTypeInfoImpl--3c4f6c8c:18b16e8956c:-1b9c</id>
  </resource>
  <attribution>
    <logoWidth>0</logoWidth>
    <logoHeight>0</logoHeight>
  </attribution>
  <dateCreated>2023-10-10 17:14:12.424 UTC</dateCreated>
  <dateModified>2023-10-18 13:54:50.477 UTC</dateModified>
</layer>