<layer>
  <name>subzonas_rp</name>
  <id>LayerInfoImpl--7c6dc86e:18fd6c224fc:-57ee</id>
  <type>VECTOR</type>
  <defaultStyle>
    <id>StyleInfoImpl--3f723ce7:1897699f8cf:-7f6f</id>
  </defaultStyle>
  <resource class="featureType">
    <id>FeatureTypeInfoImpl--7c6dc86e:18fd6c224fc:-57ef</id>
  </resource>
  <attribution>
    <logoWidth>0</logoWidth>
    <logoHeight>0</logoHeight>
  </attribution>
  <dateCreated>2024-06-10 14:11:57.984 UTC</dateCreated>
  <dateModified>2024-06-10 14:12:16.149 UTC</dateModified>
</layer>