<layer>
  <name>manzanas_ecuador</name>
  <id>LayerInfoImpl--7e41e18e:18c89165b09:2647</id>
  <type>VECTOR</type>
  <defaultStyle>
    <id>StyleInfoImpl--7e41e18e:18c89165b09:2648</id>
  </defaultStyle>
  <styles class="linked-hash-set">
    <style>
      <id>StyleInfoImpl--7e41e18e:18c89165b09:2648</id>
    </style>
  </styles>
  <resource class="featureType">
    <id>FeatureTypeInfoImpl--7e41e18e:18c89165b09:2646</id>
  </resource>
  <attribution>
    <logoWidth>0</logoWidth>
    <logoHeight>0</logoHeight>
  </attribution>
  <dateCreated>2023-12-21 16:05:16.625 UTC</dateCreated>
  <dateModified>2023-12-21 16:07:16.145 UTC</dateModified>
</layer>