<layer>
  <name>clientes_vea_2023_huanuco___pvo</name>
  <id>LayerInfoImpl--1b092d2f:18f833b0d71:-5eaf</id>
  <type>VECTOR</type>
  <defaultStyle>
    <id>StyleInfoImpl-36475f01:18f2a9daeb3:6018</id>
  </defaultStyle>
  <resource class="featureType">
    <id>FeatureTypeInfoImpl--1b092d2f:18f833b0d71:-5eb0</id>
  </resource>
  <attribution>
    <logoWidth>0</logoWidth>
    <logoHeight>0</logoHeight>
  </attribution>
  <dateCreated>2024-05-17 21:16:36.652 UTC</dateCreated>
  <dateModified>2024-05-17 22:43:49.767 UTC</dateModified>
</layer>