<dataStore>
  <id>DataStoreInfoImpl-4e300915:18c3a553de8:-6a13</id>
  <name>mass</name>
  <type>PostGIS</type>
  <enabled>true</enabled>
  <workspace>
    <id>WorkspaceInfoImpl--3f723ce7:1897699f8cf:-7ffc</id>
  </workspace>
  <connectionParameters>
    <entry key="schema">mass</entry>
    <entry key="Evictor run periodicity">300</entry>
    <entry key="Max open prepared statements">50</entry>
    <entry key="encode functions">true</entry>
    <entry key="Batch insert size">1</entry>
    <entry key="preparedStatements">false</entry>
    <entry key="database">icinre_server</entry>
    <entry key="host">45.55.196.81</entry>
    <entry key="Loose bbox">true</entry>
    <entry key="SSL mode">DISABLE</entry>
    <entry key="Estimated extends">true</entry>
    <entry key="fetch size">1000</entry>
    <entry key="Expose primary keys">false</entry>
    <entry key="validate connections">true</entry>
    <entry key="Support on the fly geometry simplification">true</entry>
    <entry key="Connection timeout">20</entry>
    <entry key="create database">false</entry>
    <entry key="Method used to simplify geometries">FAST</entry>
    <entry key="port">5432</entry>
    <entry key="passwd">crypt1:tThRITtYhrZpWei5HKMcK1SQBHINLKb5</entry>
    <entry key="min connections">1</entry>
    <entry key="dbtype">postgis</entry>
    <entry key="namespace">https://sa-742.webgis1.com/</entry>
    <entry key="max connections">10</entry>
    <entry key="Evictor tests per run">3</entry>
    <entry key="Test while idle">true</entry>
    <entry key="user">chrisr_ic</entry>
    <entry key="Max connection idle time">300</entry>
  </connectionParameters>
  <__default>false</__default>
  <dateCreated>2023-12-05 20:51:51.876 UTC</dateCreated>
  <disableOnConnFailure>false</disableOnConnFailure>
</dataStore>