<layer>
  <name>near_pm</name>
  <id>LayerInfoImpl--3c4f6c8c:18b4a015898:d77</id>
  <type>VECTOR</type>
  <defaultStyle>
    <id>StyleInfoImpl--3c4f6c8c:18b4a015898:d78</id>
  </defaultStyle>
  <resource class="featureType">
    <id>FeatureTypeInfoImpl--3c4f6c8c:18b4a015898:d76</id>
  </resource>
  <attribution>
    <logoWidth>0</logoWidth>
    <logoHeight>0</logoHeight>
  </attribution>
  <dateCreated>2023-10-23 16:11:30.463 UTC</dateCreated>
  <dateModified>2023-10-23 16:17:04.648 UTC</dateModified>
</layer>