<layer>
  <name>pedidos_delivery_total</name>
  <id>LayerInfoImpl-36475f01:18ed4017db9:-1ce</id>
  <type>VECTOR</type>
  <defaultStyle>
    <id>StyleInfoImpl-36475f01:18ed4017db9:-1cd</id>
  </defaultStyle>
  <resource class="featureType">
    <id>FeatureTypeInfoImpl-36475f01:18ed4017db9:-1cf</id>
  </resource>
  <attribution>
    <logoWidth>0</logoWidth>
    <logoHeight>0</logoHeight>
  </attribution>
  <dateCreated>2024-04-15 15:43:55.461 UTC</dateCreated>
  <dateModified>2024-04-15 15:47:00.541 UTC</dateModified>
</layer>