<layer>
  <name>manzanas_peru</name>
  <id>LayerInfoImpl--3f723ce7:1897699f8cf:-7ff8</id>
  <type>VECTOR</type>
  <defaultStyle>
    <id>StyleInfoImpl--3f723ce7:1897699f8cf:-7ff7</id>
  </defaultStyle>
  <resource class="featureType">
    <id>FeatureTypeInfoImpl--3f723ce7:1897699f8cf:-7ff9</id>
  </resource>
  <attribution>
    <logoWidth>0</logoWidth>
    <logoHeight>0</logoHeight>
  </attribution>
  <dateCreated>2023-07-21 13:58:51.91 UTC</dateCreated>
  <dateModified>2024-02-15 22:56:51.700 UTC</dateModified>
</layer>