<layer>
  <name>zonas_darkstore</name>
  <id>LayerInfoImpl--7c6dc86e:1907ea31b06:5b42</id>
  <type>VECTOR</type>
  <defaultStyle>
    <id>StyleInfoImpl--7c6dc86e:1907ea31b06:5b43</id>
  </defaultStyle>
  <resource class="featureType">
    <id>FeatureTypeInfoImpl--7c6dc86e:1907ea31b06:5b41</id>
  </resource>
  <attribution>
    <logoWidth>0</logoWidth>
    <logoHeight>0</logoHeight>
  </attribution>
  <dateCreated>2024-07-09 15:17:47.599 UTC</dateCreated>
  <dateModified>2024-07-09 15:25:29.49 UTC</dateModified>
</layer>