<layer>
  <name>bodegas</name>
  <id>LayerInfoImpl--3c4f6c8c:18b01189564:7f2f</id>
  <type>VECTOR</type>
  <defaultStyle>
    <id>StyleInfoImpl-7d28849e:18d89a5cac6:-2cdd</id>
  </defaultStyle>
  <styles class="linked-hash-set">
    <style>
      <id>StyleInfoImpl--3c4f6c8c:18b01189564:7f5e</id>
    </style>
  </styles>
  <resource class="featureType">
    <id>FeatureTypeInfoImpl--3c4f6c8c:18b01189564:7f2e</id>
  </resource>
  <attribution>
    <logoWidth>0</logoWidth>
    <logoHeight>0</logoHeight>
  </attribution>
  <dateCreated>2023-10-09 20:05:08.949 UTC</dateCreated>
  <dateModified>2024-02-09 20:19:12.4 UTC</dateModified>
</layer>